specimen,length,weight,structure_weight,region,collection_year,percent_affected,other_problem,broken,side,read_age,sample_date,final_age,common_name,run_number,scan_name,file_name,session_title,comments
1,105,10,0.0077,LPW,2020,0,0,0,R,,8/3/20,,PACIFIC COD,1,LPW202001202_1_OA1,PACIFIC_COD_LPW202001202_1_OA1.0,NIR_LPW202001202_otoliths,
1,105,10,0.0077,LPW,2020,0,0,0,R,,8/3/20,,PACIFIC COD,2,LPW202001202_1_OA2,PACIFIC_COD_LPW202001202_1_OA2.0,NIR_LPW202001202_otoliths_rescan_1,
1,105,10,0.0077,LPW,2020,10,0,1,R,,8/3/20,,PACIFIC COD,3,LPW202001202_1_OA3,PACIFIC_COD_LPW202001202_1_OA3.0,NIR_LPW202001202_otoliths_rescan_2,"~5% chipped, otolith dropped after measurement"
1,105,10,0.0077,LPW,2020,10,0,1,R,,8/3/20,,PACIFIC COD,4,LPW202001202_1_OA4,PACIFIC_COD_LPW202001202_1_OA4.0,NIR_LPW202001202_otoliths_rescan_3,Otolith is broken. Was not in first photo
2,85,4,0.0067,LPW,2020,0,0,0,L,129,8/3/20,,PACIFIC COD,1,LPW202001202_2_OA1,PACIFIC_COD_LPW202001202_2_OA1.0,NIR_LPW202001202_otoliths,
2,85,4,0.0067,LPW,2020,0,0,0,L,129,8/3/20,,PACIFIC COD,2,LPW202001202_2_OA2,PACIFIC_COD_LPW202001202_2_OA2.0,NIR_LPW202001202_otoliths_rescan_1,
2,85,4,0.0067,LPW,2020,0,0,0,L,129,8/3/20,,PACIFIC COD,3,LPW202001202_2_OA3,PACIFIC_COD_LPW202001202_2_OA3.0,NIR_LPW202001202_otoliths_rescan_2,
2,85,4,0.0067,LPW,2020,0,0,0,L,129,8/3/20,,PACIFIC COD,4,LPW202001202_2_OA4,PACIFIC_COD_LPW202001202_2_OA4.0,NIR_LPW202001202_otoliths_rescan_3,
3,96,7,0.0073,LPW,2020,0,0,0,R,,8/3/20,,PACIFIC COD,1,LPW202001202_3_OA1,PACIFIC_COD_LPW202001202_3_OA1.0,NIR_LPW202001202_otoliths,
3,96,7,0.0073,LPW,2020,0,0,0,R,,8/3/20,,PACIFIC COD,2,LPW202001202_3_OA2,PACIFIC_COD_LPW202001202_3_OA2.0,NIR_LPW202001202_otoliths_rescan_1,
3,96,7,0.0073,LPW,2020,0,0,0,R,,8/3/20,,PACIFIC COD,3,LPW202001202_3_OA3,PACIFIC_COD_LPW202001202_3_OA3.0,NIR_LPW202001202_otoliths_rescan_2,
3,96,7,0.0073,LPW,2020,0,0,0,R,,8/3/20,,PACIFIC COD,4,LPW202001202_3_OA4,PACIFIC_COD_LPW202001202_3_OA4.0,NIR_LPW202001202_otoliths_rescan_3,
4,89,5,0.0068,LPW,2020,0,0,0,L,109,8/3/20,,PACIFIC COD,1,LPW202001202_4_OA1,PACIFIC_COD_LPW202001202_4_OA1.0,NIR_LPW202001202_otoliths,
4,89,5,0.0068,LPW,2020,0,0,0,L,109,8/3/20,,PACIFIC COD,2,LPW202001202_4_OA2,PACIFIC_COD_LPW202001202_4_OA2.0,NIR_LPW202001202_otoliths_rescan_1,
4,89,5,0.0068,LPW,2020,0,0,0,L,109,8/3/20,,PACIFIC COD,3,LPW202001202_4_OA3,PACIFIC_COD_LPW202001202_4_OA3.0,NIR_LPW202001202_otoliths_rescan_2,
4,89,5,0.0068,LPW,2020,0,0,0,L,109,8/3/20,,PACIFIC COD,4,LPW202001202_4_OA4,PACIFIC_COD_LPW202001202_4_OA4.0,NIR_LPW202001202_otoliths_rescan_3,
5,108,10,0.0096,LPW,2020,0,0,0,L,,8/3/20,,PACIFIC COD,1,LPW202001202_5_OA1,PACIFIC_COD_LPW202001202_5_OA1.0,NIR_LPW202001202_otoliths,
5,108,10,0.0096,LPW,2020,0,0,0,L,,8/3/20,,PACIFIC COD,2,LPW202001202_5_OA2,PACIFIC_COD_LPW202001202_5_OA2.0,NIR_LPW202001202_otoliths_rescan_1,
5,108,10,0.0096,LPW,2020,0,0,0,L,,8/3/20,,PACIFIC COD,3,LPW202001202_5_OA3,PACIFIC_COD_LPW202001202_5_OA3.0,NIR_LPW202001202_otoliths_rescan_2,
5,108,10,0.0096,LPW,2020,0,0,0,L,,8/3/20,,PACIFIC COD,4,LPW202001202_5_OA4,PACIFIC_COD_LPW202001202_5_OA4.0,NIR_LPW202001202_otoliths_rescan_3,
6,128,21,0.014,LPW,2020,0,0,0,L,139,8/3/20,,PACIFIC COD,1,LPW202001202_6_OA1,PACIFIC_COD_LPW202001202_6_OA1.0,NIR_LPW202001202_otoliths,
6,128,21,0.014,LPW,2020,0,0,0,L,139,8/3/20,,PACIFIC COD,2,LPW202001202_6_OA2,PACIFIC_COD_LPW202001202_6_OA2.0,NIR_LPW202001202_otoliths_rescan_1,
6,128,21,0.014,LPW,2020,0,0,0,L,139,8/3/20,,PACIFIC COD,3,LPW202001202_6_OA3,PACIFIC_COD_LPW202001202_6_OA3.0,NIR_LPW202001202_otoliths_rescan_2,
6,128,21,0.014,LPW,2020,10,0,1,R,139,8/3/20,,PACIFIC COD,4,LPW202001202_6_OA4,PACIFIC_COD_LPW202001202_6_OA4.0,NIR_LPW202001202_otoliths_rescan_3,Otolith is broken. Previous scans were L based on photo and not broken
7,106,10,0.0086,LPW,2020,0,0,0,L,129,8/3/20,,PACIFIC COD,1,LPW202001202_7_OA1,PACIFIC_COD_LPW202001202_7_OA1.0,NIR_LPW202001202_otoliths,
7,106,10,0.0086,LPW,2020,0,0,0,L,129,8/3/20,,PACIFIC COD,2,LPW202001202_7_OA2,PACIFIC_COD_LPW202001202_7_OA2.0,NIR_LPW202001202_otoliths_rescan_1,
7,106,10,0.0086,LPW,2020,0,0,0,L,129,8/3/20,,PACIFIC COD,3,LPW202001202_7_OA3,PACIFIC_COD_LPW202001202_7_OA3.0,NIR_LPW202001202_otoliths_rescan_2,
7,106,10,0.0086,LPW,2020,0,0,0,L,129,8/3/20,,PACIFIC COD,4,LPW202001202_7_OA4,PACIFIC_COD_LPW202001202_7_OA4.0,NIR_LPW202001202_otoliths_rescan_3,Otolith broke after scan
8,95,7,0.0072,LPW,2020,0,0,0,R,116,8/3/20,,PACIFIC COD,1,LPW202001202_8_OA1,PACIFIC_COD_LPW202001202_8_OA1.0,NIR_LPW202001202_otoliths,
8,95,7,0.0072,LPW,2020,0,0,0,R,116,8/3/20,,PACIFIC COD,2,LPW202001202_8_OA2,PACIFIC_COD_LPW202001202_8_OA2.0,NIR_LPW202001202_otoliths_rescan_1,
8,95,7,0.0072,LPW,2020,0,0,0,R,116,8/3/20,,PACIFIC COD,3,LPW202001202_8_OA3,PACIFIC_COD_LPW202001202_8_OA3.0,NIR_LPW202001202_otoliths_rescan_2,
8,95,7,0.0072,LPW,2020,0,0,0,R,116,8/3/20,,PACIFIC COD,4,LPW202001202_8_OA4,PACIFIC_COD_LPW202001202_8_OA4.0,NIR_LPW202001202_otoliths_rescan_3,
9,112,3,0.0098,LPW,2020,0,0,0,L,132,8/3/20,,PACIFIC COD,1,LPW202001202_9_OA1,PACIFIC_COD_LPW202001202_9_OA1.0,NIR_LPW202001202_otoliths,
9,112,3,0.0098,LPW,2020,0,0,0,L,132,8/3/20,,PACIFIC COD,2,LPW202001202_9_OA2,PACIFIC_COD_LPW202001202_9_OA2.0,NIR_LPW202001202_otoliths_rescan_1,
9,112,3,0.0098,LPW,2020,0,0,0,L,132,8/3/20,,PACIFIC COD,3,LPW202001202_9_OA3,PACIFIC_COD_LPW202001202_9_OA3.0,NIR_LPW202001202_otoliths_rescan_2,
9,112,3,0.0098,LPW,2020,0,0,0,L,132,8/3/20,,PACIFIC COD,4,LPW202001202_9_OA4,PACIFIC_COD_LPW202001202_9_OA4.0,NIR_LPW202001202_otoliths_rescan_3,
10,96,6,0.0076,LPW,2020,0,0,0,R,,8/3/20,,PACIFIC COD,1,LPW202001202_10_OA1,PACIFIC_COD_LPW202001202_10_OA1.0,NIR_LPW202001202_otoliths,
10,96,6,0.0076,LPW,2020,0,0,0,R,,8/3/20,,PACIFIC COD,2,LPW202001202_10_OA2,PACIFIC_COD_LPW202001202_10_OA2.0,NIR_LPW202001202_otoliths_rescan_1,
10,96,6,0.0076,LPW,2020,0,0,0,R,,8/3/20,,PACIFIC COD,3,LPW202001202_10_OA3,PACIFIC_COD_LPW202001202_10_OA3.0,NIR_LPW202001202_otoliths_rescan_2,
10,96,6,0.0076,LPW,2020,0,0,0,R,,8/3/20,,PACIFIC COD,4,LPW202001202_10_OA4,PACIFIC_COD_LPW202001202_10_OA4.0,NIR_LPW202001202_otoliths_rescan_3,
11,95,7,0.0068,LPW,2020,0,0,0,L,113,8/3/20,,PACIFIC COD,1,LPW202001202_11_OA1,PACIFIC_COD_LPW202001202_11_OA1.0,NIR_LPW202001202_otoliths,
11,95,7,0.0068,LPW,2020,0,0,0,L,113,8/3/20,,PACIFIC COD,2,LPW202001202_11_OA2,PACIFIC_COD_LPW202001202_11_OA2.0,NIR_LPW202001202_otoliths_rescan_1,
11,95,7,0.0068,LPW,2020,0,0,0,L,113,8/3/20,,PACIFIC COD,3,LPW202001202_11_OA3,PACIFIC_COD_LPW202001202_11_OA3.0,NIR_LPW202001202_otoliths_rescan_2,
11,95,7,0.0068,LPW,2020,0,0,0,L,113,8/3/20,,PACIFIC COD,4,LPW202001202_11_OA4,PACIFIC_COD_LPW202001202_11_OA4.0,NIR_LPW202001202_otoliths_rescan_3,
12,117,16,0.0121,LPW,2020,0,0,0,L,141,8/3/20,,PACIFIC COD,1,LPW202001202_12_OA1,PACIFIC_COD_LPW202001202_12_OA1.0,NIR_LPW202001202_otoliths,
12,117,16,0.0121,LPW,2020,0,0,0,L,141,8/3/20,,PACIFIC COD,2,LPW202001202_12_OA2,PACIFIC_COD_LPW202001202_12_OA2.0,NIR_LPW202001202_otoliths_rescan_1,
12,117,16,0.0121,LPW,2020,0,0,0,L,141,8/3/20,,PACIFIC COD,3,LPW202001202_12_OA3,PACIFIC_COD_LPW202001202_12_OA3.0,NIR_LPW202001202_otoliths_rescan_2,
12,117,16,0.0121,LPW,2020,0,0,0,L,141,8/3/20,,PACIFIC COD,4,LPW202001202_12_OA4,PACIFIC_COD_LPW202001202_12_OA4.0,NIR_LPW202001202_otoliths_rescan_3,
13,96,7,0.009,LPW,2020,0,0,0,L,125,8/3/20,,PACIFIC COD,1,LPW202001202_13_OA1,PACIFIC_COD_LPW202001202_13_OA1.0,NIR_LPW202001202_otoliths,
13,96,7,0.009,LPW,2020,0,0,0,L,125,8/3/20,,PACIFIC COD,2,LPW202001202_13_OA2,PACIFIC_COD_LPW202001202_13_OA2.0,NIR_LPW202001202_otoliths_rescan_1,
13,96,7,0.009,LPW,2020,0,0,0,L,125,8/3/20,,PACIFIC COD,3,LPW202001202_13_OA3,PACIFIC_COD_LPW202001202_13_OA3.0,NIR_LPW202001202_otoliths_rescan_2,
13,96,7,0.009,LPW,2020,0,0,0,L,125,8/3/20,,PACIFIC COD,4,LPW202001202_13_OA4,PACIFIC_COD_LPW202001202_13_OA4.0,NIR_LPW202001202_otoliths_rescan_3,
14,127,21,0.0131,LPW,2020,0,0,0,R,129,8/3/20,,PACIFIC COD,1,LPW202001202_14_OA1,PACIFIC_COD_LPW202001202_14_OA1.0,NIR_LPW202001202_otoliths,
14,127,21,0.0131,LPW,2020,0,0,0,R,129,8/3/20,,PACIFIC COD,2,LPW202001202_14_OA2,PACIFIC_COD_LPW202001202_14_OA2.0,NIR_LPW202001202_otoliths_rescan_1,
14,127,21,0.0131,LPW,2020,0,0,0,R,129,8/3/20,,PACIFIC COD,3,LPW202001202_14_OA3,PACIFIC_COD_LPW202001202_14_OA3.0,NIR_LPW202001202_otoliths_rescan_2,
14,127,21,0.0131,LPW,2020,0,0,0,R,129,8/3/20,,PACIFIC COD,4,LPW202001202_14_OA4,PACIFIC_COD_LPW202001202_14_OA4.0,NIR_LPW202001202_otoliths_rescan_3,
15,111,12,0.0102,LPW,2020,0,0,0,L,,8/3/20,,PACIFIC COD,1,LPW202001202_15_OA1,PACIFIC_COD_LPW202001202_15_OA1.0,NIR_LPW202001202_otoliths,
15,111,12,0.0102,LPW,2020,0,0,0,L,,8/3/20,,PACIFIC COD,2,LPW202001202_15_OA2,PACIFIC_COD_LPW202001202_15_OA2.0,NIR_LPW202001202_otoliths_rescan_1,
15,111,12,0.0102,LPW,2020,0,0,0,L,,8/3/20,,PACIFIC COD,3,LPW202001202_15_OA3,PACIFIC_COD_LPW202001202_15_OA3.0,NIR_LPW202001202_otoliths_rescan_2,
15,111,12,0.0102,LPW,2020,0,0,0,L,,8/3/20,,PACIFIC COD,4,LPW202001202_15_OA4,PACIFIC_COD_LPW202001202_15_OA4.0,NIR_LPW202001202_otoliths_rescan_3,
16,108,10,0.0116,LPW,2020,0,0,0,L,131,8/3/20,,PACIFIC COD,1,LPW202001202_16_OA1,PACIFIC_COD_LPW202001202_16_OA1.0,NIR_LPW202001202_otoliths,
16,108,10,0.0116,LPW,2020,0,0,0,L,131,8/3/20,,PACIFIC COD,2,LPW202001202_16_OA2,PACIFIC_COD_LPW202001202_16_OA2.0,NIR_LPW202001202_otoliths_rescan_1,
16,108,10,0.0116,LPW,2020,0,0,0,L,131,8/3/20,,PACIFIC COD,3,LPW202001202_16_OA3,PACIFIC_COD_LPW202001202_16_OA3.0,NIR_LPW202001202_otoliths_rescan_2,
16,108,10,0.0116,LPW,2020,0,0,0,L,131,8/3/20,,PACIFIC COD,4,LPW202001202_16_OA4,PACIFIC_COD_LPW202001202_16_OA4.0,NIR_LPW202001202_otoliths_rescan_3,Static started. Moved tape down a little
17,95,6,0.0078,LPW,2020,0,0,0,L,119,8/3/20,,PACIFIC COD,1,LPW202001202_17_OA1,PACIFIC_COD_LPW202001202_17_OA1.0,NIR_LPW202001202_otoliths,
17,95,6,0.0078,LPW,2020,0,0,0,L,119,8/3/20,,PACIFIC COD,2,LPW202001202_17_OA2,PACIFIC_COD_LPW202001202_17_OA2.0,NIR_LPW202001202_otoliths_rescan_1,
17,95,6,0.0078,LPW,2020,0,0,0,L,119,8/3/20,,PACIFIC COD,3,LPW202001202_17_OA3,PACIFIC_COD_LPW202001202_17_OA3.0,NIR_LPW202001202_otoliths_rescan_2,
17,95,6,0.0078,LPW,2020,0,0,0,L,119,8/3/20,,PACIFIC COD,4,LPW202001202_17_OA4,PACIFIC_COD_LPW202001202_17_OA4.0,NIR_LPW202001202_otoliths_rescan_3,
18,101,10,,LPW,2020,10,0,1,L,,8/3/20,,PACIFIC COD,1,LPW202001202_18_OA1,PACIFIC_COD_LPW202001202_18_OA1.0,NIR_LPW202001202_otoliths,about 5% missing
18,101,10,,LPW,2020,10,0,1,L,,8/3/20,,PACIFIC COD,2,LPW202001202_18_OA2,PACIFIC_COD_LPW202001202_18_OA2.0,NIR_LPW202001202_otoliths_rescan_1,
18,101,10,,LPW,2020,10,0,1,L,,8/3/20,,PACIFIC COD,3,LPW202001202_18_OA3,PACIFIC_COD_LPW202001202_18_OA3.0,NIR_LPW202001202_otoliths_rescan_2,
18,101,10,,LPW,2020,10,0,1,L,,8/3/20,,PACIFIC COD,4,LPW202001202_18_OA4,PACIFIC_COD_LPW202001202_18_OA4.0,NIR_LPW202001202_otoliths_rescan_3,
19,110,12,0.0091,LPW,2020,0,0,0,L,,8/3/20,,PACIFIC COD,1,LPW202001202_19_OA1,PACIFIC_COD_LPW202001202_19_OA1.0,NIR_LPW202001202_otoliths,
19,110,12,0.0091,LPW,2020,0,0,0,L,,8/3/20,,PACIFIC COD,2,LPW202001202_19_OA2,PACIFIC_COD_LPW202001202_19_OA2.0,NIR_LPW202001202_otoliths_rescan_1,
19,110,12,0.0091,LPW,2020,0,0,0,L,,8/3/20,,PACIFIC COD,3,LPW202001202_19_OA3,PACIFIC_COD_LPW202001202_19_OA3.0,NIR_LPW202001202_otoliths_rescan_2,
19,110,12,0.0091,LPW,2020,0,0,0,L,,8/3/20,,PACIFIC COD,4,LPW202001202_19_OA4,PACIFIC_COD_LPW202001202_19_OA4.0,NIR_LPW202001202_otoliths_rescan_3,
20,123,17,0.012,LPW,2020,0,0,0,R,137,8/3/20,,PACIFIC COD,1,LPW202001202_20_OA1,PACIFIC_COD_LPW202001202_20_OA1.0,NIR_LPW202001202_otoliths,
20,123,17,0.012,LPW,2020,0,0,0,R,137,8/3/20,,PACIFIC COD,2,LPW202001202_20_OA2,PACIFIC_COD_LPW202001202_20_OA2.0,NIR_LPW202001202_otoliths_rescan_1,
20,123,17,0.012,LPW,2020,0,0,0,R,137,8/3/20,,PACIFIC COD,3,LPW202001202_20_OA3,PACIFIC_COD_LPW202001202_20_OA3.0,NIR_LPW202001202_otoliths_rescan_2,
20,123,17,0.012,LPW,2020,0,0,0,R,137,8/3/20,,PACIFIC COD,4,LPW202001202_20_OA4,PACIFIC_COD_LPW202001202_20_OA4.0,NIR_LPW202001202_otoliths_rescan_3,
21,100,8,0.0098,LPW,2020,0,0,0,L,132,8/3/20,,PACIFIC COD,1,LPW202001202_21_OA1,PACIFIC_COD_LPW202001202_21_OA1.0,NIR_LPW202001202_otoliths,
21,100,8,0.0098,LPW,2020,0,0,0,L,132,8/3/20,,PACIFIC COD,2,LPW202001202_21_OA2,PACIFIC_COD_LPW202001202_21_OA2.0,NIR_LPW202001202_otoliths_rescan_1,
21,100,8,0.0098,LPW,2020,0,0,0,L,132,8/3/20,,PACIFIC COD,3,LPW202001202_21_OA3,PACIFIC_COD_LPW202001202_21_OA3.0,NIR_LPW202001202_otoliths_rescan_2,
21,100,8,0.0098,LPW,2020,0,0,0,L,132,8/3/20,,PACIFIC COD,4,LPW202001202_21_OA4,PACIFIC_COD_LPW202001202_21_OA4.0,NIR_LPW202001202_otoliths_rescan_3,
22,90,5,0.0068,LPW,2020,0,0,0,R,113,8/3/20,,PACIFIC COD,1,LPW202001202_22_OA1,PACIFIC_COD_LPW202001202_22_OA1.0,NIR_LPW202001202_otoliths,
22,90,5,0.0068,LPW,2020,0,0,0,R,113,8/3/20,,PACIFIC COD,2,LPW202001202_22_OA2,PACIFIC_COD_LPW202001202_22_OA2.0,NIR_LPW202001202_otoliths_rescan_1,
22,90,5,0.0068,LPW,2020,0,0,0,R,113,8/3/20,,PACIFIC COD,3,LPW202001202_22_OA3,PACIFIC_COD_LPW202001202_22_OA3.0,NIR_LPW202001202_otoliths_rescan_2,
22,90,5,0.0068,LPW,2020,0,0,0,R,113,8/3/20,,PACIFIC COD,4,LPW202001202_22_OA4,PACIFIC_COD_LPW202001202_22_OA4.0,NIR_LPW202001202_otoliths_rescan_3,
23,104,8,0.0094,LPW,2020,0,0,0,L,120,8/3/20,,PACIFIC COD,1,LPW202001202_23_OA1,PACIFIC_COD_LPW202001202_23_OA1.0,NIR_LPW202001202_otoliths,
23,104,8,0.0094,LPW,2020,0,0,0,L,120,8/3/20,,PACIFIC COD,2,LPW202001202_23_OA2,PACIFIC_COD_LPW202001202_23_OA2.0,NIR_LPW202001202_otoliths_rescan_1,
23,104,8,0.0094,LPW,2020,0,0,0,L,120,8/3/20,,PACIFIC COD,3,LPW202001202_23_OA3,PACIFIC_COD_LPW202001202_23_OA3.0,NIR_LPW202001202_otoliths_rescan_2,
23,104,8,0.0094,LPW,2020,0,0,0,L,120,8/3/20,,PACIFIC COD,4,LPW202001202_23_OA4,PACIFIC_COD_LPW202001202_23_OA4.0,NIR_LPW202001202_otoliths_rescan_3,
24,96,7,0.0084,LPW,2020,0,0,0,R,121,8/3/20,,PACIFIC COD,1,LPW202001202_24_OA1,PACIFIC_COD_LPW202001202_24_OA1.0,NIR_LPW202001202_otoliths,
24,96,7,0.0084,LPW,2020,0,0,0,R,121,8/3/20,,PACIFIC COD,2,LPW202001202_24_OA2,PACIFIC_COD_LPW202001202_24_OA2.0,NIR_LPW202001202_otoliths_rescan_1,
24,96,7,0.0084,LPW,2020,0,0,0,R,121,8/3/20,,PACIFIC COD,3,LPW202001202_24_OA3,PACIFIC_COD_LPW202001202_24_OA3.0,NIR_LPW202001202_otoliths_rescan_2,
24,96,7,0.0084,LPW,2020,0,0,0,R,121,8/3/20,,PACIFIC COD,4,LPW202001202_24_OA4,PACIFIC_COD_LPW202001202_24_OA4.0,NIR_LPW202001202_otoliths_rescan_3,
25,98,7,0.0085,LPW,2020,0,0,0,R,123,8/3/20,,PACIFIC COD,1,LPW202001202_25_OA1,PACIFIC_COD_LPW202001202_25_OA1.0,NIR_LPW202001202_otoliths,
25,98,7,0.0085,LPW,2020,0,0,0,R,123,8/3/20,,PACIFIC COD,2,LPW202001202_25_OA2,PACIFIC_COD_LPW202001202_25_OA2.0,NIR_LPW202001202_otoliths_rescan_1,
25,98,7,0.0085,LPW,2020,0,0,0,R,123,8/3/20,,PACIFIC COD,3,LPW202001202_25_OA3,PACIFIC_COD_LPW202001202_25_OA3.0,NIR_LPW202001202_otoliths_rescan_2,
25,98,7,0.0085,LPW,2020,0,0,0,R,123,8/3/20,,PACIFIC COD,4,LPW202001202_25_OA4,PACIFIC_COD_LPW202001202_25_OA4.0,NIR_LPW202001202_otoliths_rescan_3,
26,104,9,0.008,LPW,2020,0,0,0,L,109,8/3/20,,PACIFIC COD,1,LPW202001202_26_OA1,PACIFIC_COD_LPW202001202_26_OA1.0,NIR_LPW202001202_otoliths,
26,104,9,0.008,LPW,2020,0,0,0,L,109,8/3/20,,PACIFIC COD,2,LPW202001202_26_OA2,PACIFIC_COD_LPW202001202_26_OA2.0,NIR_LPW202001202_otoliths_rescan_1,
26,104,9,0.008,LPW,2020,0,0,0,L,109,8/3/20,,PACIFIC COD,3,LPW202001202_26_OA3,PACIFIC_COD_LPW202001202_26_OA3.0,NIR_LPW202001202_otoliths_rescan_2,
26,104,9,0.008,LPW,2020,0,0,0,L,109,8/3/20,,PACIFIC COD,4,LPW202001202_26_OA4,PACIFIC_COD_LPW202001202_26_OA4.0,NIR_LPW202001202_otoliths_rescan_3,
27,79,3,0.0048,LPW,2020,0,0,0,L,126,8/3/20,,PACIFIC COD,1,LPW202001202_27_OA1,PACIFIC_COD_LPW202001202_27_OA1.0,NIR_LPW202001202_otoliths,
27,79,3,0.0048,LPW,2020,0,0,0,L,126,8/3/20,,PACIFIC COD,2,LPW202001202_27_OA2,PACIFIC_COD_LPW202001202_27_OA2.0,NIR_LPW202001202_otoliths_rescan_1,
27,79,3,0.0048,LPW,2020,0,0,0,L,126,8/3/20,,PACIFIC COD,3,LPW202001202_27_OA3,PACIFIC_COD_LPW202001202_27_OA3.0,NIR_LPW202001202_otoliths_rescan_2,
27,79,3,0.0048,LPW,2020,0,0,0,L,126,8/3/20,,PACIFIC COD,4,LPW202001202_27_OA4,PACIFIC_COD_LPW202001202_27_OA4.0,NIR_LPW202001202_otoliths_rescan_3,
28,98,7,0.0087,LPW,2020,0,0,0,R,121,8/3/20,,PACIFIC COD,1,LPW202001202_28_OA1,PACIFIC_COD_LPW202001202_28_OA1.0,NIR_LPW202001202_otoliths,
28,98,7,0.0087,LPW,2020,0,0,0,R,121,8/3/20,,PACIFIC COD,2,LPW202001202_28_OA2,PACIFIC_COD_LPW202001202_28_OA2.0,NIR_LPW202001202_otoliths_rescan_1,
28,98,7,0.0087,LPW,2020,0,0,0,R,121,8/3/20,,PACIFIC COD,3,LPW202001202_28_OA3,PACIFIC_COD_LPW202001202_28_OA3.0,NIR_LPW202001202_otoliths_rescan_2,
28,98,7,0.0087,LPW,2020,0,0,0,R,121,8/3/20,,PACIFIC COD,4,LPW202001202_28_OA4,PACIFIC_COD_LPW202001202_28_OA4.0,NIR_LPW202001202_otoliths_rescan_3,
29,98,9,0.0086,LPW,2020,0,0,0,L,,8/3/20,,PACIFIC COD,1,LPW202001202_29_OA1,PACIFIC_COD_LPW202001202_29_OA1.0,NIR_LPW202001202_otoliths,
29,98,9,0.0086,LPW,2020,0,0,0,L,,8/3/20,,PACIFIC COD,2,LPW202001202_29_OA2,PACIFIC_COD_LPW202001202_29_OA2.0,NIR_LPW202001202_otoliths_rescan_1,
29,98,9,0.0086,LPW,2020,0,0,0,L,,8/3/20,,PACIFIC COD,3,LPW202001202_29_OA3,PACIFIC_COD_LPW202001202_29_OA3.0,NIR_LPW202001202_otoliths_rescan_2,
29,98,9,0.0086,LPW,2020,0,0,0,L,,8/3/20,,PACIFIC COD,4,LPW202001202_29_OA4,PACIFIC_COD_LPW202001202_29_OA4.0,NIR_LPW202001202_otoliths_rescan_3,
30,103,9,0.0081,LPW,2020,0,0,0,R,116,8/3/20,,PACIFIC COD,1,LPW202001202_30_OA1,PACIFIC_COD_LPW202001202_30_OA1.0,NIR_LPW202001202_otoliths,
30,103,9,0.0081,LPW,2020,0,0,0,R,116,8/3/20,,PACIFIC COD,2,LPW202001202_30_OA2,PACIFIC_COD_LPW202001202_30_OA2.0,NIR_LPW202001202_otoliths_rescan_1,
30,103,9,0.0081,LPW,2020,0,0,0,R,116,8/3/20,,PACIFIC COD,3,LPW202001202_30_OA3,PACIFIC_COD_LPW202001202_30_OA3.0,NIR_LPW202001202_otoliths_rescan_2,
30,103,9,0.0081,LPW,2020,0,0,0,R,116,8/3/20,,PACIFIC COD,4,LPW202001202_30_OA4,PACIFIC_COD_LPW202001202_30_OA4.0,NIR_LPW202001202_otoliths_rescan_3,
31,118,17,,LPW,2020,0,10,1,L,113,8/10/20,,PACIFIC COD,1,LPW202001202_31_OA1,PACIFIC_COD_LPW202001202_31_OA1.0,NIR_LPW202001202_otoliths,about 10% missing
31,118,17,,LPW,2020,0,10,1,L,113,8/10/20,,PACIFIC COD,2,LPW202001202_31_OA2,PACIFIC_COD_LPW202001202_31_OA2.0,NIR_LPW202001202_otoliths_rescan_1,partially chipped (10%)
31,118,17,,LPW,2020,0,10,1,L,113,8/10/20,,PACIFIC COD,3,LPW202001202_31_OA3,PACIFIC_COD_LPW202001202_31_OA3.0,NIR_LPW202001202_otoliths_rescan_2,~10% chipped
31,118,17,,LPW,2020,0,0,0,L,113,8/10/20,,PACIFIC COD,4,LPW202001202_31_OA4,PACIFIC_COD_LPW202001202_31_OA4.0,NIR_LPW202001202_otoliths_rescan_3,
32,90,5,0.0078,LPW,2020,0,0,0,R,120,8/10/20,,PACIFIC COD,1,LPW202001202_32_OA1,PACIFIC_COD_LPW202001202_32_OA1.0,NIR_LPW202001202_otoliths,
32,90,5,0.0078,LPW,2020,0,0,0,R,120,8/10/20,,PACIFIC COD,2,LPW202001202_32_OA2,PACIFIC_COD_LPW202001202_32_OA2.0,NIR_LPW202001202_otoliths_rescan_1,
32,90,5,0.0078,LPW,2020,0,0,0,R,120,8/10/20,,PACIFIC COD,3,LPW202001202_32_OA3,PACIFIC_COD_LPW202001202_32_OA3.0,NIR_LPW202001202_otoliths_rescan_2,
32,90,5,0.0078,LPW,2020,0,0,0,R,120,8/10/20,,PACIFIC COD,4,LPW202001202_32_OA4,PACIFIC_COD_LPW202001202_32_OA4.0,NIR_LPW202001202_otoliths_rescan_3,
33,95,6,,LPW,2020,15,0,1,R,,8/10/20,,PACIFIC COD,1,LPW202001202_33_OA1,PACIFIC_COD_LPW202001202_33_OA1.0,NIR_LPW202001202_otoliths,about 15% missing
33,95,6,,LPW,2020,15,0,1,R,,8/10/20,,PACIFIC COD,2,LPW202001202_33_OA2,PACIFIC_COD_LPW202001202_33_OA2.0,NIR_LPW202001202_otoliths_rescan_1,partially chipped (20%)
33,95,6,,LPW,2020,15,0,1,R,,8/10/20,,PACIFIC COD,3,LPW202001202_33_OA3,PACIFIC_COD_LPW202001202_33_OA3.0,NIR_LPW202001202_otoliths_rescan_2,~10% chipped
33,95,6,,LPW,2020,15,0,1,R,,8/10/20,,PACIFIC COD,4,LPW202001202_33_OA4,PACIFIC_COD_LPW202001202_33_OA4.0,NIR_LPW202001202_otoliths_rescan_3,
34,93,5,0.0082,LPW,2020,0,0,0,L,,8/10/20,,PACIFIC COD,1,LPW202001202_34_OA1,PACIFIC_COD_LPW202001202_34_OA1.0,NIR_LPW202001202_otoliths,
34,93,5,0.0082,LPW,2020,0,0,0,L,,8/10/20,,PACIFIC COD,2,LPW202001202_34_OA2,PACIFIC_COD_LPW202001202_34_OA2.0,NIR_LPW202001202_otoliths_rescan_1,
34,93,5,0.0082,LPW,2020,0,0,0,L,,8/10/20,,PACIFIC COD,3,LPW202001202_34_OA3,PACIFIC_COD_LPW202001202_34_OA3.0,NIR_LPW202001202_otoliths_rescan_2,
34,93,5,0.0082,LPW,2020,0,0,0,L,,8/10/20,,PACIFIC COD,4,LPW202001202_34_OA4,PACIFIC_COD_LPW202001202_34_OA4.0,NIR_LPW202001202_otoliths_rescan_3,
35,88,4,0.0072,LPW,2020,0,0,0,L,121,8/10/20,,PACIFIC COD,1,LPW202001202_35_OA1,PACIFIC_COD_LPW202001202_35_OA1.0,NIR_LPW202001202_otoliths,
35,88,4,0.0072,LPW,2020,0,0,0,L,121,8/10/20,,PACIFIC COD,2,LPW202001202_35_OA2,PACIFIC_COD_LPW202001202_35_OA2.0,NIR_LPW202001202_otoliths_rescan_1,
35,88,4,0.0072,LPW,2020,0,0,0,L,121,8/10/20,,PACIFIC COD,3,LPW202001202_35_OA3,PACIFIC_COD_LPW202001202_35_OA3.0,NIR_LPW202001202_otoliths_rescan_2,
35,88,4,0.0072,LPW,2020,0,0,0,L,121,8/10/20,,PACIFIC COD,4,LPW202001202_35_OA4,PACIFIC_COD_LPW202001202_35_OA4.0,NIR_LPW202001202_otoliths_rescan_3,
36,97,7,0.0092,LPW,2020,0,0,0,L,,8/18/20,,PACIFIC COD,1,LPW202001202_36_OA1,PACIFIC_COD_LPW202001202_36_OA1.0,NIR_LPW202001202_otoliths,
36,97,7,0.0092,LPW,2020,0,0,0,L,,8/18/20,,PACIFIC COD,2,LPW202001202_36_OA2,PACIFIC_COD_LPW202001202_36_OA2.0,NIR_LPW202001202_otoliths_rescan_1,
36,97,7,0.0092,LPW,2020,0,0,0,L,,8/18/20,,PACIFIC COD,3,LPW202001202_36_OA3,PACIFIC_COD_LPW202001202_36_OA3.0,NIR_LPW202001202_otoliths_rescan_2,
36,97,7,0.0092,LPW,2020,0,0,0,L,,8/18/20,,PACIFIC COD,4,LPW202001202_36_OA4,PACIFIC_COD_LPW202001202_36_OA4.0,NIR_LPW202001202_otoliths_rescan_3,
37,103,8,0.0101,LPW,2020,50,0,1,R,131,8/18/20,,PACIFIC COD,1,LPW202001202_37_OA1,PACIFIC_COD_LPW202001202_37_OA1.0,NIR_LPW202001202_otoliths,broken in half
37,103,8,0.0101,LPW,2020,50,0,1,R,131,8/18/20,,PACIFIC COD,2,LPW202001202_37_OA2,PACIFIC_COD_LPW202001202_37_OA2.0,NIR_LPW202001202_otoliths_rescan_1,"otolith cracked, scanned both pieces together"
37,103,8,0.0101,LPW,2020,50,0,1,R,131,8/18/20,,PACIFIC COD,3,LPW202001202_37_OA3,PACIFIC_COD_LPW202001202_37_OA3.0,NIR_LPW202001202_otoliths_rescan_2,broke in half. scanned both pieces next to each other
37,103,8,0.0101,LPW,2020,50,0,1,R,131,8/18/20,,PACIFIC COD,4,LPW202001202_37_OA4,PACIFIC_COD_LPW202001202_37_OA4.0,NIR_LPW202001202_otoliths_rescan_3,Broken in half. In photo too.
38,84,3,0.0064,LPW,2020,0,0,0,R,118,8/18/20,,PACIFIC COD,1,LPW202001202_38_OA1,PACIFIC_COD_LPW202001202_38_OA1.0,NIR_LPW202001202_otoliths,
38,84,3,0.0064,LPW,2020,0,0,0,R,118,8/18/20,,PACIFIC COD,2,LPW202001202_38_OA2,PACIFIC_COD_LPW202001202_38_OA2.0,NIR_LPW202001202_otoliths_rescan_1,
38,84,3,0.0064,LPW,2020,0,0,0,R,118,8/18/20,,PACIFIC COD,3,LPW202001202_38_OA3,PACIFIC_COD_LPW202001202_38_OA3.0,NIR_LPW202001202_otoliths_rescan_2,
38,84,3,0.0064,LPW,2020,0,0,0,R,118,8/18/20,,PACIFIC COD,4,LPW202001202_38_OA4,PACIFIC_COD_LPW202001202_38_OA4.0,NIR_LPW202001202_otoliths_rescan_3,
39,87,5,0.0075,LPW,2020,0,0,0,R,,8/18/20,,PACIFIC COD,1,LPW202001202_39_OA1,PACIFIC_COD_LPW202001202_39_OA1.0,NIR_LPW202001202_otoliths,
39,87,5,0.0075,LPW,2020,0,0,0,R,,8/18/20,,PACIFIC COD,2,LPW202001202_39_OA2,PACIFIC_COD_LPW202001202_39_OA2.0,NIR_LPW202001202_otoliths_rescan_1,
39,87,5,0.0075,LPW,2020,0,0,0,R,,8/18/20,,PACIFIC COD,3,LPW202001202_39_OA3,PACIFIC_COD_LPW202001202_39_OA3.0,NIR_LPW202001202_otoliths_rescan_2,
39,87,5,0.0075,LPW,2020,0,0,0,R,,8/18/20,,PACIFIC COD,4,LPW202001202_39_OA4,PACIFIC_COD_LPW202001202_39_OA4.0,NIR_LPW202001202_otoliths_rescan_3,
40,94,6,0.0099,LPW,2020,0,0,0,L,144,8/18/20,,PACIFIC COD,1,LPW202001202_40_OA1,PACIFIC_COD_LPW202001202_40_OA1.0,NIR_LPW202001202_otoliths,
40,94,6,0.0099,LPW,2020,0,0,0,L,144,8/18/20,,PACIFIC COD,2,LPW202001202_40_OA2,PACIFIC_COD_LPW202001202_40_OA2.0,NIR_LPW202001202_otoliths_rescan_1,
40,94,6,0.0099,LPW,2020,0,0,0,L,144,8/18/20,,PACIFIC COD,3,LPW202001202_40_OA3,PACIFIC_COD_LPW202001202_40_OA3.0,NIR_LPW202001202_otoliths_rescan_2,
40,94,6,0.0099,LPW,2020,0,0,0,L,144,8/18/20,,PACIFIC COD,4,LPW202001202_40_OA4,PACIFIC_COD_LPW202001202_40_OA4.0,NIR_LPW202001202_otoliths_rescan_3,
41,89,4,0.0093,LPW,2020,0,0,0,L,,8/24/20,,PACIFIC COD,1,LPW202001202_41_OA1,PACIFIC_COD_LPW202001202_41_OA1.0,NIR_LPW202001202_otoliths,
41,89,4,0.0093,LPW,2020,0,0,0,L,,8/24/20,,PACIFIC COD,2,LPW202001202_41_OA2,PACIFIC_COD_LPW202001202_41_OA2.0,NIR_LPW202001202_otoliths_rescan_1,
41,89,4,0.0093,LPW,2020,0,0,0,L,,8/24/20,,PACIFIC COD,3,LPW202001202_41_OA3,PACIFIC_COD_LPW202001202_41_OA3.0,NIR_LPW202001202_otoliths_rescan_2,
41,89,4,0.0093,LPW,2020,0,0,0,L,,8/24/20,,PACIFIC COD,4,LPW202001202_41_OA4,PACIFIC_COD_LPW202001202_41_OA4.0,NIR_LPW202001202_otoliths_rescan_3,
42,90,6,0.0081,LPW,2020,0,0,0,L,132,8/24/20,,PACIFIC COD,1,LPW202001202_42_OA1,PACIFIC_COD_LPW202001202_42_OA1.0,NIR_LPW202001202_otoliths,
42,90,6,0.0081,LPW,2020,0,0,0,L,132,8/24/20,,PACIFIC COD,2,LPW202001202_42_OA2,PACIFIC_COD_LPW202001202_42_OA2.0,NIR_LPW202001202_otoliths_rescan_1,
42,90,6,0.0081,LPW,2020,0,0,0,L,132,8/24/20,,PACIFIC COD,3,LPW202001202_42_OA3,PACIFIC_COD_LPW202001202_42_OA3.0,NIR_LPW202001202_otoliths_rescan_2,
42,90,6,0.0081,LPW,2020,0,0,0,L,132,8/24/20,,PACIFIC COD,4,LPW202001202_42_OA4,PACIFIC_COD_LPW202001202_42_OA4.0,NIR_LPW202001202_otoliths_rescan_3,
43,98,8,0.0091,LPW,2020,0,0,0,L,,8/24/20,,PACIFIC COD,1,LPW202001202_43_OA1,PACIFIC_COD_LPW202001202_43_OA1.0,NIR_LPW202001202_otoliths,
43,98,8,0.0091,LPW,2020,0,0,0,L,,8/24/20,,PACIFIC COD,2,LPW202001202_43_OA2,PACIFIC_COD_LPW202001202_43_OA2.0,NIR_LPW202001202_otoliths_rescan_1,
43,98,8,0.0091,LPW,2020,0,0,0,L,,8/24/20,,PACIFIC COD,3,LPW202001202_43_OA3,PACIFIC_COD_LPW202001202_43_OA3.0,NIR_LPW202001202_otoliths_rescan_2,
43,98,8,0.0091,LPW,2020,0,0,0,L,,8/24/20,,PACIFIC COD,4,LPW202001202_43_OA4,PACIFIC_COD_LPW202001202_43_OA4.0,NIR_LPW202001202_otoliths_rescan_3,
44,95,5,0.0101,LPW,2020,0,0,0,L,138,8/24/20,,PACIFIC COD,1,LPW202001202_44_OA1,PACIFIC_COD_LPW202001202_44_OA1.0,NIR_LPW202001202_otoliths,
44,95,5,0.0101,LPW,2020,0,0,0,L,138,8/24/20,,PACIFIC COD,2,LPW202001202_44_OA2,PACIFIC_COD_LPW202001202_44_OA2.0,NIR_LPW202001202_otoliths_rescan_1,
44,95,5,0.0101,LPW,2020,0,0,0,L,138,8/24/20,,PACIFIC COD,3,LPW202001202_44_OA3,PACIFIC_COD_LPW202001202_44_OA3.0,NIR_LPW202001202_otoliths_rescan_2,
44,95,5,0.0101,LPW,2020,0,0,0,L,138,8/24/20,,PACIFIC COD,4,LPW202001202_44_OA4,PACIFIC_COD_LPW202001202_44_OA4.0,NIR_LPW202001202_otoliths_rescan_3,
45,125,16,0.0161,LPW,2020,0,0,0,L,145,8/24/20,,PACIFIC COD,1,LPW202001202_45_OA1,PACIFIC_COD_LPW202001202_45_OA1.0,NIR_LPW202001202_otoliths,
45,125,16,0.0161,LPW,2020,0,0,0,L,145,8/24/20,,PACIFIC COD,2,LPW202001202_45_OA2,PACIFIC_COD_LPW202001202_45_OA2.0,NIR_LPW202001202_otoliths_rescan_1,
45,125,16,0.0161,LPW,2020,0,0,0,L,145,8/24/20,,PACIFIC COD,3,LPW202001202_45_OA3,PACIFIC_COD_LPW202001202_45_OA3.0,NIR_LPW202001202_otoliths_rescan_2,
45,125,16,0.0161,LPW,2020,0,0,0,L,145,8/24/20,,PACIFIC COD,4,LPW202001202_45_OA4,PACIFIC_COD_LPW202001202_45_OA4.0,NIR_LPW202001202_otoliths_rescan_3,
46,117,11,,LPW,2020,10,0,1,L,144,8/31/20,,PACIFIC COD,1,LPW202001202_46_OA1,PACIFIC_COD_LPW202001202_46_OA1.0,NIR_LPW202001202_otoliths,about 10% missing
46,117,11,,LPW,2020,10,0,1,L,144,8/31/20,,PACIFIC COD,2,LPW202001202_46_OA2,PACIFIC_COD_LPW202001202_46_OA2.0,NIR_LPW202001202_otoliths_rescan_1,small chip (~5%)
46,117,11,,LPW,2020,10,0,1,L,144,8/31/20,,PACIFIC COD,3,LPW202001202_46_OA3,PACIFIC_COD_LPW202001202_46_OA3.0,NIR_LPW202001202_otoliths_rescan_2,%5 chipped
46,117,11,,LPW,2020,10,0,1,L,144,8/31/20,,PACIFIC COD,4,LPW202001202_46_OA4,PACIFIC_COD_LPW202001202_46_OA4.0,NIR_LPW202001202_otoliths_rescan_3,Broken in photo too
47,108,12,0.013,LPW,2020,0,0,0,L,134,8/31/20,,PACIFIC COD,1,LPW202001202_47_OA1,PACIFIC_COD_LPW202001202_47_OA1.0,NIR_LPW202001202_otoliths,
47,108,12,0.013,LPW,2020,0,0,0,L,134,8/31/20,,PACIFIC COD,2,LPW202001202_47_OA2,PACIFIC_COD_LPW202001202_47_OA2.0,NIR_LPW202001202_otoliths_rescan_1,
47,108,12,0.013,LPW,2020,0,0,0,L,134,8/31/20,,PACIFIC COD,3,LPW202001202_47_OA3,PACIFIC_COD_LPW202001202_47_OA3.0,NIR_LPW202001202_otoliths_rescan_2,
47,108,12,0.013,LPW,2020,0,0,0,L,134,8/31/20,,PACIFIC COD,4,LPW202001202_47_OA4,PACIFIC_COD_LPW202001202_47_OA4.0,NIR_LPW202001202_otoliths_rescan_3,
48,109,12,0.013,LPW,2020,0,0,0,L,150,8/31/20,,PACIFIC COD,1,LPW202001202_48_OA1,PACIFIC_COD_LPW202001202_48_OA1.0,NIR_LPW202001202_otoliths,
48,109,12,0.013,LPW,2020,0,0,0,L,150,8/31/20,,PACIFIC COD,2,LPW202001202_48_OA2,PACIFIC_COD_LPW202001202_48_OA2.0,NIR_LPW202001202_otoliths_rescan_1,
48,109,12,0.013,LPW,2020,0,0,0,L,150,8/31/20,,PACIFIC COD,3,LPW202001202_48_OA3,PACIFIC_COD_LPW202001202_48_OA3.0,NIR_LPW202001202_otoliths_rescan_2,
48,109,12,0.013,LPW,2020,0,0,0,L,150,8/31/20,,PACIFIC COD,4,LPW202001202_48_OA4,PACIFIC_COD_LPW202001202_48_OA4.0,NIR_LPW202001202_otoliths_rescan_3,
49,100,6,0.0108,LPW,2020,15,1,0,L,146,8/31/20,,PACIFIC COD,1,LPW202001202_49_OA1,PACIFIC_COD_LPW202001202_49_OA1.0,NIR_LPW202001202_otoliths,small amount of tissue stuck to otolith
49,100,6,0.0108,LPW,2020,15,1,0,L,146,8/31/20,,PACIFIC COD,2,LPW202001202_49_OA2,PACIFIC_COD_LPW202001202_49_OA2.0,NIR_LPW202001202_otoliths_rescan_1,
49,100,6,0.0108,LPW,2020,15,1,0,L,146,8/31/20,,PACIFIC COD,3,LPW202001202_49_OA3,PACIFIC_COD_LPW202001202_49_OA3.0,NIR_LPW202001202_otoliths_rescan_2,
49,100,6,0.0108,LPW,2020,15,1,0,L,146,8/31/20,,PACIFIC COD,4,LPW202001202_49_OA4,PACIFIC_COD_LPW202001202_49_OA4.0,NIR_LPW202001202_otoliths_rescan_3,tissue
50,87,3,0.0089,LPW,2020,0,0,0,L,125,8/31/20,,PACIFIC COD,1,LPW202001202_50_OA1,PACIFIC_COD_LPW202001202_50_OA1.0,NIR_LPW202001202_otoliths,
50,87,3,0.0089,LPW,2020,0,0,0,L,125,8/31/20,,PACIFIC COD,2,LPW202001202_50_OA2,PACIFIC_COD_LPW202001202_50_OA2.0,NIR_LPW202001202_otoliths_rescan_1,
50,87,3,0.0089,LPW,2020,0,0,0,L,125,8/31/20,,PACIFIC COD,3,LPW202001202_50_OA3,PACIFIC_COD_LPW202001202_50_OA3.0,NIR_LPW202001202_otoliths_rescan_2,
50,87,3,0.0089,LPW,2020,0,0,0,L,125,8/31/20,,PACIFIC COD,4,LPW202001202_50_OA4,PACIFIC_COD_LPW202001202_50_OA4.0,NIR_LPW202001202_otoliths_rescan_3,
51,109,9,0.0168,LPW,2020,0,0,0,R,,9/9/20,,PACIFIC COD,1,LPW202001202_51_OA1,PACIFIC_COD_LPW202001202_51_OA1.0,NIR_LPW202001202_otoliths,
51,109,9,0.0168,LPW,2020,0,0,0,R,,9/9/20,,PACIFIC COD,2,LPW202001202_51_OA2,PACIFIC_COD_LPW202001202_51_OA2.0,NIR_LPW202001202_otoliths_rescan_1,
51,109,9,0.0168,LPW,2020,0,0,0,R,,9/9/20,,PACIFIC COD,3,LPW202001202_51_OA3,PACIFIC_COD_LPW202001202_51_OA3.0,NIR_LPW202001202_otoliths_rescan_2,
51,109,9,0.0168,LPW,2020,0,0,0,R,,9/9/20,,PACIFIC COD,4,LPW202001202_51_OA4,PACIFIC_COD_LPW202001202_51_OA4.0,NIR_LPW202001202_otoliths_rescan_3,
52,140,22,0.0236,LPW,2020,5,1,0,L,135,9/9/20,,PACIFIC COD,1,LPW202001202_52_OA1,PACIFIC_COD_LPW202001202_52_OA1.0,NIR_LPW202001202_otoliths,small amount of tissue stuck to otolith
52,140,22,0.0236,LPW,2020,5,1,0,L,135,9/9/20,,PACIFIC COD,2,LPW202001202_52_OA2,PACIFIC_COD_LPW202001202_52_OA2.0,NIR_LPW202001202_otoliths_rescan_1,
52,140,22,0.0236,LPW,2020,5,1,0,L,135,9/9/20,,PACIFIC COD,3,LPW202001202_52_OA3,PACIFIC_COD_LPW202001202_52_OA3.0,NIR_LPW202001202_otoliths_rescan_2,
52,140,22,0.0236,LPW,2020,5,1,0,L,135,9/9/20,,PACIFIC COD,4,LPW202001202_52_OA4,PACIFIC_COD_LPW202001202_52_OA4.0,NIR_LPW202001202_otoliths_rescan_3,tissue
53,177,54,0.033,LPW,2020,0,0,0,L,175,9/9/20,,PACIFIC COD,1,LPW202001202_53_OA1,PACIFIC_COD_LPW202001202_53_OA1.0,NIR_LPW202001202_otoliths,
53,177,54,0.033,LPW,2020,0,0,0,L,175,9/9/20,,PACIFIC COD,2,LPW202001202_53_OA2,PACIFIC_COD_LPW202001202_53_OA2.0,NIR_LPW202001202_otoliths_rescan_1,
53,177,54,0.033,LPW,2020,0,0,0,L,175,9/9/20,,PACIFIC COD,3,LPW202001202_53_OA3,PACIFIC_COD_LPW202001202_53_OA3.0,NIR_LPW202001202_otoliths_rescan_2,
53,177,54,0.033,LPW,2020,0,0,0,L,175,9/9/20,,PACIFIC COD,4,LPW202001202_53_OA4,PACIFIC_COD_LPW202001202_53_OA4.0,NIR_LPW202001202_otoliths_rescan_3,
54,102,8,0.01,LPW,2020,0,0,0,R,145,9/9/20,,PACIFIC COD,1,LPW202001202_54_OA1,PACIFIC_COD_LPW202001202_54_OA1.0,NIR_LPW202001202_otoliths,
54,102,8,0.01,LPW,2020,0,0,0,R,145,9/9/20,,PACIFIC COD,2,LPW202001202_54_OA2,PACIFIC_COD_LPW202001202_54_OA2.0,NIR_LPW202001202_otoliths_rescan_1,
54,102,8,0.01,LPW,2020,0,0,0,R,145,9/9/20,,PACIFIC COD,3,LPW202001202_54_OA3,PACIFIC_COD_LPW202001202_54_OA3.0,NIR_LPW202001202_otoliths_rescan_2,
54,102,8,0.01,LPW,2020,0,0,0,R,145,9/9/20,,PACIFIC COD,4,LPW202001202_54_OA4,PACIFIC_COD_LPW202001202_54_OA4.0,NIR_LPW202001202_otoliths_rescan_3,
55,107,9,0.0126,LPW,2020,0,0,0,R,122,9/9/20,,PACIFIC COD,1,LPW202001202_55_OA1,PACIFIC_COD_LPW202001202_55_OA1.0,NIR_LPW202001202_otoliths,
55,107,9,0.0126,LPW,2020,0,0,0,R,122,9/9/20,,PACIFIC COD,2,LPW202001202_55_OA2,PACIFIC_COD_LPW202001202_55_OA2.0,NIR_LPW202001202_otoliths_rescan_1,
55,107,9,0.0126,LPW,2020,0,0,0,R,122,9/9/20,,PACIFIC COD,3,LPW202001202_55_OA3,PACIFIC_COD_LPW202001202_55_OA3.0,NIR_LPW202001202_otoliths_rescan_2,
55,107,9,0.0126,LPW,2020,0,0,0,R,122,9/9/20,,PACIFIC COD,4,LPW202001202_55_OA4,PACIFIC_COD_LPW202001202_55_OA4.0,NIR_LPW202001202_otoliths_rescan_3,
56,115,10,0.0171,LPW,2020,0,0,0,L,,9/9/20,,PACIFIC COD,1,LPW202001202_56_OA1,PACIFIC_COD_LPW202001202_56_OA1.0,NIR_LPW202001202_otoliths,
56,115,10,0.0171,LPW,2020,0,0,0,L,,9/9/20,,PACIFIC COD,2,LPW202001202_56_OA2,PACIFIC_COD_LPW202001202_56_OA2.0,NIR_LPW202001202_otoliths_rescan_1,
56,115,10,0.0171,LPW,2020,0,0,0,L,,9/9/20,,PACIFIC COD,3,LPW202001202_56_OA3,PACIFIC_COD_LPW202001202_56_OA3.0,NIR_LPW202001202_otoliths_rescan_2,
56,115,10,0.0171,LPW,2020,0,0,0,L,,9/9/20,,PACIFIC COD,4,LPW202001202_56_OA4,PACIFIC_COD_LPW202001202_56_OA4.0,NIR_LPW202001202_otoliths_rescan_3,
57,67,2,0.0054,LPW,2020,0,0,0,L,123,9/9/20,,PACIFIC COD,1,LPW202001202_57_OA1,PACIFIC_COD_LPW202001202_57_OA1.0,NIR_LPW202001202_otoliths,
57,67,2,0.0054,LPW,2020,0,0,0,L,123,9/9/20,,PACIFIC COD,2,LPW202001202_57_OA2,PACIFIC_COD_LPW202001202_57_OA2.0,NIR_LPW202001202_otoliths_rescan_1,
57,67,2,0.0054,LPW,2020,0,0,0,L,123,9/9/20,,PACIFIC COD,3,LPW202001202_57_OA3,PACIFIC_COD_LPW202001202_57_OA3.0,NIR_LPW202001202_otoliths_rescan_2,
57,67,2,0.0054,LPW,2020,0,0,0,L,123,9/9/20,,PACIFIC COD,4,LPW202001202_57_OA4,PACIFIC_COD_LPW202001202_57_OA4.0,NIR_LPW202001202_otoliths_rescan_3,
58,144,24,0.0251,LPW,2020,0,0,0,L,,9/14/20,,PACIFIC COD,1,LPW202001202_58_OA1,PACIFIC_COD_LPW202001202_58_OA1.0,NIR_LPW202001202_otoliths,
58,144,24,0.0251,LPW,2020,0,0,0,L,,9/14/20,,PACIFIC COD,2,LPW202001202_58_OA2,PACIFIC_COD_LPW202001202_58_OA2.0,NIR_LPW202001202_otoliths_rescan_1,
58,144,24,0.0251,LPW,2020,0,0,0,L,,9/14/20,,PACIFIC COD,3,LPW202001202_58_OA3,PACIFIC_COD_LPW202001202_58_OA3.0,NIR_LPW202001202_otoliths_rescan_2,
58,144,24,0.0251,LPW,2020,0,0,0,L,,9/14/20,,PACIFIC COD,4,LPW202001202_58_OA4,PACIFIC_COD_LPW202001202_58_OA4.0,NIR_LPW202001202_otoliths_rescan_3,
59,136,20,0.024,LPW,2020,0,0,0,L,147,9/14/20,,PACIFIC COD,1,LPW202001202_59_OA1,PACIFIC_COD_LPW202001202_59_OA1.0,NIR_LPW202001202_otoliths,
59,136,20,0.024,LPW,2020,0,0,0,L,147,9/14/20,,PACIFIC COD,2,LPW202001202_59_OA2,PACIFIC_COD_LPW202001202_59_OA2.0,NIR_LPW202001202_otoliths_rescan_1,
59,136,20,0.024,LPW,2020,0,0,0,L,147,9/14/20,,PACIFIC COD,3,LPW202001202_59_OA3,PACIFIC_COD_LPW202001202_59_OA3.0,NIR_LPW202001202_otoliths_rescan_2,
59,136,20,0.024,LPW,2020,0,0,0,L,147,9/14/20,,PACIFIC COD,4,LPW202001202_59_OA4,PACIFIC_COD_LPW202001202_59_OA4.0,NIR_LPW202001202_otoliths_rescan_3,
60,135,20,0.0198,LPW,2020,0,0,0,L,139,9/14/20,,PACIFIC COD,1,LPW202001202_60_OA1,PACIFIC_COD_LPW202001202_60_OA1.0,NIR_LPW202001202_otoliths,
60,135,20,0.0198,LPW,2020,0,0,0,L,139,9/14/20,,PACIFIC COD,2,LPW202001202_60_OA2,PACIFIC_COD_LPW202001202_60_OA2.0,NIR_LPW202001202_otoliths_rescan_1,
60,135,20,0.0198,LPW,2020,0,0,0,L,139,9/14/20,,PACIFIC COD,3,LPW202001202_60_OA3,PACIFIC_COD_LPW202001202_60_OA3.0,NIR_LPW202001202_otoliths_rescan_2,
60,135,20,0.0198,LPW,2020,0,0,0,L,139,9/14/20,,PACIFIC COD,4,LPW202001202_60_OA4,PACIFIC_COD_LPW202001202_60_OA4.0,NIR_LPW202001202_otoliths_rescan_3,
61,127,18,0.0191,LPW,2020,0,0,0,R,137,9/14/20,,PACIFIC COD,1,LPW202001202_61_OA1,PACIFIC_COD_LPW202001202_61_OA1.0,NIR_LPW202001202_otoliths,
61,127,18,0.0191,LPW,2020,0,0,0,R,137,9/14/20,,PACIFIC COD,2,LPW202001202_61_OA2,PACIFIC_COD_LPW202001202_61_OA2.0,NIR_LPW202001202_otoliths_rescan_1,
61,127,18,0.0191,LPW,2020,0,0,0,R,137,9/14/20,,PACIFIC COD,3,LPW202001202_61_OA3,PACIFIC_COD_LPW202001202_61_OA3.0,NIR_LPW202001202_otoliths_rescan_2,
61,127,18,0.0191,LPW,2020,0,0,0,R,137,9/14/20,,PACIFIC COD,4,LPW202001202_61_OA4,PACIFIC_COD_LPW202001202_61_OA4.0,NIR_LPW202001202_otoliths_rescan_3,
62,114,12,0.0134,LPW,2020,0,0,0,R,,9/14/20,,PACIFIC COD,1,LPW202001202_62_OA1,PACIFIC_COD_LPW202001202_62_OA1.0,NIR_LPW202001202_otoliths,
62,114,12,0.0134,LPW,2020,0,0,0,R,,9/14/20,,PACIFIC COD,2,LPW202001202_62_OA2,PACIFIC_COD_LPW202001202_62_OA2.0,NIR_LPW202001202_otoliths_rescan_1,
62,114,12,0.0134,LPW,2020,0,0,0,R,,9/14/20,,PACIFIC COD,3,LPW202001202_62_OA3,PACIFIC_COD_LPW202001202_62_OA3.0,NIR_LPW202001202_otoliths_rescan_2,
62,114,12,0.0134,LPW,2020,0,0,0,R,,9/14/20,,PACIFIC COD,4,LPW202001202_62_OA4,PACIFIC_COD_LPW202001202_62_OA4.0,NIR_LPW202001202_otoliths_rescan_3,
63,201,76,0.0369,LPW,2020,0,0,0,L,,9/21/20,,PACIFIC COD,1,LPW202001202_63_OA1,PACIFIC_COD_LPW202001202_63_OA1.0,NIR_LPW202001202_otoliths,
63,201,76,0.0369,LPW,2020,0,0,0,L,,9/21/20,,PACIFIC COD,2,LPW202001202_63_OA2,PACIFIC_COD_LPW202001202_63_OA2.0,NIR_LPW202001202_otoliths_rescan_1,
63,201,76,0.0369,LPW,2020,0,0,0,L,,9/21/20,,PACIFIC COD,3,LPW202001202_63_OA3,PACIFIC_COD_LPW202001202_63_OA3.0,NIR_LPW202001202_otoliths_rescan_2,
63,201,76,0.0369,LPW,2020,0,0,0,L,,9/21/20,,PACIFIC COD,4,LPW202001202_63_OA4,PACIFIC_COD_LPW202001202_63_OA4.0,NIR_LPW202001202_otoliths_rescan_3,
64,131,19,0.0213,LPW,2020,0,0,0,L,,9/21/20,,PACIFIC COD,1,LPW202001202_64_OA1,PACIFIC_COD_LPW202001202_64_OA1.0,NIR_LPW202001202_otoliths,
64,131,19,0.0213,LPW,2020,0,0,0,L,,9/21/20,,PACIFIC COD,2,LPW202001202_64_OA2,PACIFIC_COD_LPW202001202_64_OA2.0,NIR_LPW202001202_otoliths_rescan_1,
64,131,19,0.0213,LPW,2020,0,0,0,L,,9/21/20,,PACIFIC COD,3,LPW202001202_64_OA3,PACIFIC_COD_LPW202001202_64_OA3.0,NIR_LPW202001202_otoliths_rescan_2,
64,131,19,0.0213,LPW,2020,0,0,0,L,,9/21/20,,PACIFIC COD,4,LPW202001202_64_OA4,PACIFIC_COD_LPW202001202_64_OA4.0,NIR_LPW202001202_otoliths_rescan_3,
65,149,28,0.0251,LPW,2020,0,0,0,R,148,9/21/20,,PACIFIC COD,1,LPW202001202_65_OA1,PACIFIC_COD_LPW202001202_65_OA1.0,NIR_LPW202001202_otoliths,
65,149,28,0.0251,LPW,2020,0,0,0,R,148,9/21/20,,PACIFIC COD,2,LPW202001202_65_OA2,PACIFIC_COD_LPW202001202_65_OA2.0,NIR_LPW202001202_otoliths_rescan_1,
65,149,28,0.0251,LPW,2020,0,0,0,R,148,9/21/20,,PACIFIC COD,3,LPW202001202_65_OA3,PACIFIC_COD_LPW202001202_65_OA3.0,NIR_LPW202001202_otoliths_rescan_2,
65,149,28,0.0251,LPW,2020,0,0,0,R,148,9/21/20,,PACIFIC COD,4,LPW202001202_65_OA4,PACIFIC_COD_LPW202001202_65_OA4.0,NIR_LPW202001202_otoliths_rescan_3,
67,95,5,0.0107,LPW,2020,0,0,0,L,164,9/21/20,,PACIFIC COD,1,LPW202001202_67_OA1,PACIFIC_COD_LPW202001202_67_OA1.0,NIR_LPW202001202_otoliths,
67,95,5,0.0107,LPW,2020,0,0,0,L,164,9/21/20,,PACIFIC COD,2,LPW202001202_67_OA2,PACIFIC_COD_LPW202001202_67_OA2.0,NIR_LPW202001202_otoliths_rescan_1,
67,95,5,0.0107,LPW,2020,0,0,0,L,164,9/21/20,,PACIFIC COD,3,LPW202001202_67_OA3,PACIFIC_COD_LPW202001202_67_OA3.0,NIR_LPW202001202_otoliths_rescan_2,
67,95,5,0.0107,LPW,2020,0,0,0,L,164,9/21/20,,PACIFIC COD,4,LPW202001202_67_OA4,PACIFIC_COD_LPW202001202_67_OA4.0,NIR_LPW202001202_otoliths_rescan_3,
68,137,17,0.0263,LPW,2020,0,0,0,R,179,9/28/20,,PACIFIC COD,1,LPW202001202_68_OA1,PACIFIC_COD_LPW202001202_68_OA1.0,NIR_LPW202001202_otoliths,
68,137,17,0.0263,LPW,2020,0,0,0,R,179,9/28/20,,PACIFIC COD,2,LPW202001202_68_OA2,PACIFIC_COD_LPW202001202_68_OA2.0,NIR_LPW202001202_otoliths_rescan_1,
68,137,17,0.0263,LPW,2020,0,0,0,R,179,9/28/20,,PACIFIC COD,3,LPW202001202_68_OA3,PACIFIC_COD_LPW202001202_68_OA3.0,NIR_LPW202001202_otoliths_rescan_2,
68,137,17,0.0263,LPW,2020,0,0,0,R,179,9/28/20,,PACIFIC COD,4,LPW202001202_68_OA4,PACIFIC_COD_LPW202001202_68_OA4.0,NIR_LPW202001202_otoliths_rescan_3,
69,137,23,0.0231,LPW,2020,0,0,0,L,,9/28/20,,PACIFIC COD,1,LPW202001202_69_OA1,PACIFIC_COD_LPW202001202_69_OA1.0,NIR_LPW202001202_otoliths,
69,137,23,0.0231,LPW,2020,0,0,0,L,,9/28/20,,PACIFIC COD,2,LPW202001202_69_OA2,PACIFIC_COD_LPW202001202_69_OA2.0,NIR_LPW202001202_otoliths_rescan_1,
69,137,23,0.0231,LPW,2020,0,0,0,L,,9/28/20,,PACIFIC COD,3,LPW202001202_69_OA3,PACIFIC_COD_LPW202001202_69_OA3.0,NIR_LPW202001202_otoliths_rescan_2,
69,137,23,0.0231,LPW,2020,0,0,0,L,,9/28/20,,PACIFIC COD,4,LPW202001202_69_OA4,PACIFIC_COD_LPW202001202_69_OA4.0,NIR_LPW202001202_otoliths_rescan_3,
70,126,12,0.0212,LPW,2020,0,0,0,L,148,9/28/20,,PACIFIC COD,1,LPW202001202_70_OA1,PACIFIC_COD_LPW202001202_70_OA1.0,NIR_LPW202001202_otoliths,
70,126,12,0.0212,LPW,2020,0,0,0,L,148,9/28/20,,PACIFIC COD,2,LPW202001202_70_OA2,PACIFIC_COD_LPW202001202_70_OA2.0,NIR_LPW202001202_otoliths_rescan_1,
70,126,12,0.0212,LPW,2020,0,0,0,L,148,9/28/20,,PACIFIC COD,3,LPW202001202_70_OA3,PACIFIC_COD_LPW202001202_70_OA3.0,NIR_LPW202001202_otoliths_rescan_2,
70,126,12,0.0212,LPW,2020,0,0,0,L,148,9/28/20,,PACIFIC COD,4,LPW202001202_70_OA4,PACIFIC_COD_LPW202001202_70_OA4.0,NIR_LPW202001202_otoliths_rescan_3,
71,122,11,0.0188,LPW,2020,0,0,0,R,,9/28/20,,PACIFIC COD,1,LPW202001202_71_OA1,PACIFIC_COD_LPW202001202_71_OA1.0,NIR_LPW202001202_otoliths,
71,122,11,0.0188,LPW,2020,0,0,0,R,,9/28/20,,PACIFIC COD,2,LPW202001202_71_OA2,PACIFIC_COD_LPW202001202_71_OA2.0,NIR_LPW202001202_otoliths_rescan_1,
71,122,11,0.0188,LPW,2020,0,0,0,R,,9/28/20,,PACIFIC COD,3,LPW202001202_71_OA3,PACIFIC_COD_LPW202001202_71_OA3.0,NIR_LPW202001202_otoliths_rescan_2,
71,122,11,0.0188,LPW,2020,0,0,0,R,,9/28/20,,PACIFIC COD,4,LPW202001202_71_OA4,PACIFIC_COD_LPW202001202_71_OA4.0,NIR_LPW202001202_otoliths_rescan_3,
72,129,19,,LPW,2020,10,0,1,L,174,9/28/20,,PACIFIC COD,1,LPW202001202_72_OA1,PACIFIC_COD_LPW202001202_72_OA1.0,NIR_LPW202001202_otoliths,about 10% missing
72,129,19,,LPW,2020,10,0,1,L,174,9/28/20,,PACIFIC COD,2,LPW202001202_72_OA2,PACIFIC_COD_LPW202001202_72_OA2.0,NIR_LPW202001202_otoliths_rescan_1,chipped (~10%)
72,129,19,,LPW,2020,10,0,1,L,174,9/28/20,,PACIFIC COD,3,LPW202001202_72_OA3,PACIFIC_COD_LPW202001202_72_OA3.0,NIR_LPW202001202_otoliths_rescan_2,~10% chipped
72,129,19,,LPW,2020,10,0,1,L,174,9/28/20,,PACIFIC COD,4,LPW202001202_72_OA4,PACIFIC_COD_LPW202001202_72_OA4.0,NIR_LPW202001202_otoliths_rescan_3,
73,127,11,0.0203,LPW,2020,0,0,0,R,165,10/5/20,,PACIFIC COD,1,LPW202001202_73_OA1,PACIFIC_COD_LPW202001202_73_OA1.0,NIR_LPW202001202_otoliths,
73,127,11,0.0203,LPW,2020,0,0,0,R,165,10/5/20,,PACIFIC COD,2,LPW202001202_73_OA2,PACIFIC_COD_LPW202001202_73_OA2.0,NIR_LPW202001202_otoliths_rescan_1,
73,127,11,0.0203,LPW,2020,0,0,0,R,165,10/5/20,,PACIFIC COD,3,LPW202001202_73_OA3,PACIFIC_COD_LPW202001202_73_OA3.0,NIR_LPW202001202_otoliths_rescan_2,
73,127,11,0.0203,LPW,2020,0,0,0,R,165,10/5/20,,PACIFIC COD,4,LPW202001202_73_OA4,PACIFIC_COD_LPW202001202_73_OA4.0,NIR_LPW202001202_otoliths_rescan_3,
74,107,12,0.0148,LPW,2020,0,0,0,R,188,10/5/20,,PACIFIC COD,1,LPW202001202_74_OA1,PACIFIC_COD_LPW202001202_74_OA1.0,NIR_LPW202001202_otoliths,
74,107,12,0.0148,LPW,2020,0,0,0,R,188,10/5/20,,PACIFIC COD,2,LPW202001202_74_OA2,PACIFIC_COD_LPW202001202_74_OA2.0,NIR_LPW202001202_otoliths_rescan_1,
74,107,12,0.0148,LPW,2020,0,0,0,R,188,10/5/20,,PACIFIC COD,3,LPW202001202_74_OA3,PACIFIC_COD_LPW202001202_74_OA3.0,NIR_LPW202001202_otoliths_rescan_2,
74,107,12,0.0148,LPW,2020,0,0,0,R,188,10/5/20,,PACIFIC COD,4,LPW202001202_74_OA4,PACIFIC_COD_LPW202001202_74_OA4.0,NIR_LPW202001202_otoliths_rescan_3,
75,106,9,0.0134,LPW,2020,0,0,0,R,128,10/5/20,,PACIFIC COD,1,LPW202001202_75_OA1,PACIFIC_COD_LPW202001202_75_OA1.0,NIR_LPW202001202_otoliths,
75,106,9,0.0134,LPW,2020,0,0,0,R,128,10/5/20,,PACIFIC COD,2,LPW202001202_75_OA2,PACIFIC_COD_LPW202001202_75_OA2.0,NIR_LPW202001202_otoliths_rescan_1,
75,106,9,0.0134,LPW,2020,0,0,0,R,128,10/5/20,,PACIFIC COD,3,LPW202001202_75_OA3,PACIFIC_COD_LPW202001202_75_OA3.0,NIR_LPW202001202_otoliths_rescan_2,
75,106,9,0.0134,LPW,2020,0,0,0,R,128,10/5/20,,PACIFIC COD,4,LPW202001202_75_OA4,PACIFIC_COD_LPW202001202_75_OA4.0,NIR_LPW202001202_otoliths_rescan_3,
76,123,15,0.0212,LPW,2020,0,0,0,L,156,10/5/20,,PACIFIC COD,1,LPW202001202_76_OA1,PACIFIC_COD_LPW202001202_76_OA1.0,NIR_LPW202001202_otoliths,
76,123,15,0.0212,LPW,2020,0,0,0,L,156,10/5/20,,PACIFIC COD,2,LPW202001202_76_OA2,PACIFIC_COD_LPW202001202_76_OA2.0,NIR_LPW202001202_otoliths_rescan_1,
76,123,15,0.0212,LPW,2020,0,0,0,L,156,10/5/20,,PACIFIC COD,3,LPW202001202_76_OA3,PACIFIC_COD_LPW202001202_76_OA3.0,NIR_LPW202001202_otoliths_rescan_2,
76,123,15,0.0212,LPW,2020,0,0,0,L,156,10/5/20,,PACIFIC COD,4,LPW202001202_76_OA4,PACIFIC_COD_LPW202001202_76_OA4.0,NIR_LPW202001202_otoliths_rescan_3,
77,182,58,0.0359,LPW,2020,0,0,0,L,,10/5/20,,PACIFIC COD,1,LPW202001202_77_OA1,PACIFIC_COD_LPW202001202_77_OA1.0,NIR_LPW202001202_otoliths,
77,182,58,0.0359,LPW,2020,0,0,0,L,,10/5/20,,PACIFIC COD,2,LPW202001202_77_OA2,PACIFIC_COD_LPW202001202_77_OA2.0,NIR_LPW202001202_otoliths_rescan_1,
77,182,58,0.0359,LPW,2020,0,0,0,L,,10/5/20,,PACIFIC COD,3,LPW202001202_77_OA3,PACIFIC_COD_LPW202001202_77_OA3.0,NIR_LPW202001202_otoliths_rescan_2,
77,182,58,0.0359,LPW,2020,0,0,0,L,,10/5/20,,PACIFIC COD,4,LPW202001202_77_OA4,PACIFIC_COD_LPW202001202_77_OA4.0,NIR_LPW202001202_otoliths_rescan_3,
78,145,27,0.0247,LPW,2020,0,0,0,R,197,10/12/20,,PACIFIC COD,1,LPW202001202_78_OA1,PACIFIC_COD_LPW202001202_78_OA1.0,NIR_LPW202001202_otoliths,
78,145,27,0.0247,LPW,2020,0,0,0,R,197,10/12/20,,PACIFIC COD,2,LPW202001202_78_OA2,PACIFIC_COD_LPW202001202_78_OA2.0,NIR_LPW202001202_otoliths_rescan_1,
78,145,27,0.0247,LPW,2020,0,0,0,R,197,10/12/20,,PACIFIC COD,3,LPW202001202_78_OA3,PACIFIC_COD_LPW202001202_78_OA3.0,NIR_LPW202001202_otoliths_rescan_2,
78,145,27,0.0247,LPW,2020,0,0,0,R,197,10/12/20,,PACIFIC COD,4,LPW202001202_78_OA4,PACIFIC_COD_LPW202001202_78_OA4.0,NIR_LPW202001202_otoliths_rescan_3,
79,120,14,0.0183,LPW,2020,0,0,0,L,166,10/12/20,,PACIFIC COD,1,LPW202001202_79_OA1,PACIFIC_COD_LPW202001202_79_OA1.0,NIR_LPW202001202_otoliths,
79,120,14,0.0183,LPW,2020,0,0,0,L,166,10/12/20,,PACIFIC COD,2,LPW202001202_79_OA2,PACIFIC_COD_LPW202001202_79_OA2.0,NIR_LPW202001202_otoliths_rescan_1,
79,120,14,0.0183,LPW,2020,0,0,0,L,166,10/12/20,,PACIFIC COD,3,LPW202001202_79_OA3,PACIFIC_COD_LPW202001202_79_OA3.0,NIR_LPW202001202_otoliths_rescan_2,
79,120,14,0.0183,LPW,2020,0,0,0,L,166,10/12/20,,PACIFIC COD,4,LPW202001202_79_OA4,PACIFIC_COD_LPW202001202_79_OA4.0,NIR_LPW202001202_otoliths_rescan_3,
80,160,42,0.0332,LPW,2020,0,0,0,R,,10/12/20,,PACIFIC COD,1,LPW202001202_80_OA1,PACIFIC_COD_LPW202001202_80_OA1.0,NIR_LPW202001202_otoliths,
80,160,42,0.0332,LPW,2020,0,0,0,R,,10/12/20,,PACIFIC COD,2,LPW202001202_80_OA2,PACIFIC_COD_LPW202001202_80_OA2.0,NIR_LPW202001202_otoliths_rescan_1,
80,160,42,0.0332,LPW,2020,0,0,0,R,,10/12/20,,PACIFIC COD,3,LPW202001202_80_OA3,PACIFIC_COD_LPW202001202_80_OA3.0,NIR_LPW202001202_otoliths_rescan_2,
80,160,42,0.0332,LPW,2020,0,0,0,R,,10/12/20,,PACIFIC COD,4,LPW202001202_80_OA4,PACIFIC_COD_LPW202001202_80_OA4.0,NIR_LPW202001202_otoliths_rescan_3,
81,126,18,0.0215,LPW,2020,0,0,0,R,173,10/12/20,,PACIFIC COD,1,LPW202001202_81_OA1,PACIFIC_COD_LPW202001202_81_OA1.0,NIR_LPW202001202_otoliths,
81,126,18,0.0215,LPW,2020,0,0,0,R,173,10/12/20,,PACIFIC COD,2,LPW202001202_81_OA2,PACIFIC_COD_LPW202001202_81_OA2.0,NIR_LPW202001202_otoliths_rescan_1,
81,126,18,0.0215,LPW,2020,0,0,0,R,173,10/12/20,,PACIFIC COD,3,LPW202001202_81_OA3,PACIFIC_COD_LPW202001202_81_OA3.0,NIR_LPW202001202_otoliths_rescan_2,
81,126,18,0.0215,LPW,2020,0,0,0,R,173,10/12/20,,PACIFIC COD,4,LPW202001202_81_OA4,PACIFIC_COD_LPW202001202_81_OA4.0,NIR_LPW202001202_otoliths_rescan_3,
82,138,21,0.0235,LPW,2020,0,0,0,L,178,10/12/20,,PACIFIC COD,1,LPW202001202_82_OA1,PACIFIC_COD_LPW202001202_82_OA1.0,NIR_LPW202001202_otoliths,
82,138,21,0.0235,LPW,2020,0,0,0,L,178,10/12/20,,PACIFIC COD,2,LPW202001202_82_OA2,PACIFIC_COD_LPW202001202_82_OA2.0,NIR_LPW202001202_otoliths_rescan_1,
82,138,21,0.0235,LPW,2020,0,0,0,L,178,10/12/20,,PACIFIC COD,3,LPW202001202_82_OA3,PACIFIC_COD_LPW202001202_82_OA3.0,NIR_LPW202001202_otoliths_rescan_2,
82,138,21,0.0235,LPW,2020,0,0,0,L,178,10/12/20,,PACIFIC COD,4,LPW202001202_82_OA4,PACIFIC_COD_LPW202001202_82_OA4.0,NIR_LPW202001202_otoliths_rescan_3,
83,155,36,,LPW,2020,5,0,1,L,,10/20/20,,PACIFIC COD,1,LPW202001202_83_OA1,PACIFIC_COD_LPW202001202_83_OA1.0,NIR_LPW202001202_otoliths,about 5% missing
83,155,36,,LPW,2020,5,0,1,L,,10/20/20,,PACIFIC COD,2,LPW202001202_83_OA2,PACIFIC_COD_LPW202001202_83_OA2.0,NIR_LPW202001202_otoliths_rescan_1,
83,155,36,,LPW,2020,5,0,1,L,,10/20/20,,PACIFIC COD,3,LPW202001202_83_OA3,PACIFIC_COD_LPW202001202_83_OA3.0,NIR_LPW202001202_otoliths_rescan_2,
83,155,36,,LPW,2020,5,0,1,L,,10/20/20,,PACIFIC COD,4,LPW202001202_83_OA4,PACIFIC_COD_LPW202001202_83_OA4.0,NIR_LPW202001202_otoliths_rescan_3,
84,120,14,0.0201,LPW,2020,0,0,0,L,,10/20/20,,PACIFIC COD,1,LPW202001202_84_OA1,PACIFIC_COD_LPW202001202_84_OA1.0,NIR_LPW202001202_otoliths,
84,120,14,0.0201,LPW,2020,0,0,0,L,,10/20/20,,PACIFIC COD,2,LPW202001202_84_OA2,PACIFIC_COD_LPW202001202_84_OA2.0,NIR_LPW202001202_otoliths_rescan_1,
84,120,14,0.0201,LPW,2020,0,0,0,L,,10/20/20,,PACIFIC COD,3,LPW202001202_84_OA3,PACIFIC_COD_LPW202001202_84_OA3.0,NIR_LPW202001202_otoliths_rescan_2,
84,120,14,0.0201,LPW,2020,0,0,0,L,,10/20/20,,PACIFIC COD,4,LPW202001202_84_OA4,PACIFIC_COD_LPW202001202_84_OA4.0,NIR_LPW202001202_otoliths_rescan_3,
85,143,29,0.026,LPW,2020,0,0,0,R,210,10/20/20,,PACIFIC COD,1,LPW202001202_85_OA1,PACIFIC_COD_LPW202001202_85_OA1.0,NIR_LPW202001202_otoliths,
85,143,29,0.026,LPW,2020,0,0,0,R,210,10/20/20,,PACIFIC COD,2,LPW202001202_85_OA2,PACIFIC_COD_LPW202001202_85_OA2.0,NIR_LPW202001202_otoliths_rescan_1,
85,143,29,0.026,LPW,2020,0,0,0,R,210,10/20/20,,PACIFIC COD,3,LPW202001202_85_OA3,PACIFIC_COD_LPW202001202_85_OA3.0,NIR_LPW202001202_otoliths_rescan_2,
85,143,29,0.026,LPW,2020,0,0,0,R,210,10/20/20,,PACIFIC COD,4,LPW202001202_85_OA4,PACIFIC_COD_LPW202001202_85_OA4.0,NIR_LPW202001202_otoliths_rescan_3,
86,147,26,0.03,LPW,2020,0,0,0,L,,10/20/20,,PACIFIC COD,1,LPW202001202_86_OA1,PACIFIC_COD_LPW202001202_86_OA1.0,NIR_LPW202001202_otoliths,
86,147,26,0.03,LPW,2020,0,0,0,L,,10/20/20,,PACIFIC COD,2,LPW202001202_86_OA2,PACIFIC_COD_LPW202001202_86_OA2.0,NIR_LPW202001202_otoliths_rescan_1,
86,147,26,0.03,LPW,2020,0,0,0,L,,10/20/20,,PACIFIC COD,3,LPW202001202_86_OA3,PACIFIC_COD_LPW202001202_86_OA3.0,NIR_LPW202001202_otoliths_rescan_2,
86,147,26,0.03,LPW,2020,0,0,0,L,,10/20/20,,PACIFIC COD,4,LPW202001202_86_OA4,PACIFIC_COD_LPW202001202_86_OA4.0,NIR_LPW202001202_otoliths_rescan_3,
87,162,39,0.0365,LPW,2020,0,0,0,L,,10/20/20,,PACIFIC COD,1,LPW202001202_87_OA1,PACIFIC_COD_LPW202001202_87_OA1.0,NIR_LPW202001202_otoliths,
87,162,39,0.0365,LPW,2020,0,0,0,L,,10/20/20,,PACIFIC COD,2,LPW202001202_87_OA2,PACIFIC_COD_LPW202001202_87_OA2.0,NIR_LPW202001202_otoliths_rescan_1,
87,162,39,0.0365,LPW,2020,0,0,0,L,,10/20/20,,PACIFIC COD,3,LPW202001202_87_OA3,PACIFIC_COD_LPW202001202_87_OA3.0,NIR_LPW202001202_otoliths_rescan_2,
87,162,39,0.0365,LPW,2020,0,0,0,L,,10/20/20,,PACIFIC COD,4,LPW202001202_87_OA4,PACIFIC_COD_LPW202001202_87_OA4.0,NIR_LPW202001202_otoliths_rescan_3,
88,154,31,0.0293,LPW,2020,0,0,0,R,,10/26/20,,PACIFIC COD,1,LPW202001202_88_OA1,PACIFIC_COD_LPW202001202_88_OA1.0,NIR_LPW202001202_otoliths,
88,154,31,0.0293,LPW,2020,0,0,0,R,,10/26/20,,PACIFIC COD,2,LPW202001202_88_OA2,PACIFIC_COD_LPW202001202_88_OA2.0,NIR_LPW202001202_otoliths_rescan_1,
88,154,31,0.0293,LPW,2020,0,0,0,R,,10/26/20,,PACIFIC COD,3,LPW202001202_88_OA3,PACIFIC_COD_LPW202001202_88_OA3.0,NIR_LPW202001202_otoliths_rescan_2,
88,154,31,0.0293,LPW,2020,0,0,0,R,,10/26/20,,PACIFIC COD,4,LPW202001202_88_OA4,PACIFIC_COD_LPW202001202_88_OA4.0,NIR_LPW202001202_otoliths_rescan_3,
89,144,21,0.0289,LPW,2020,0,0,0,L,,10/26/20,,PACIFIC COD,1,LPW202001202_89_OA1,PACIFIC_COD_LPW202001202_89_OA1.0,NIR_LPW202001202_otoliths,
89,144,21,0.0289,LPW,2020,0,0,0,L,,10/26/20,,PACIFIC COD,2,LPW202001202_89_OA2,PACIFIC_COD_LPW202001202_89_OA2.0,NIR_LPW202001202_otoliths_rescan_1,
89,144,21,0.0289,LPW,2020,0,0,0,L,,10/26/20,,PACIFIC COD,3,LPW202001202_89_OA3,PACIFIC_COD_LPW202001202_89_OA3.0,NIR_LPW202001202_otoliths_rescan_2,
89,144,21,0.0289,LPW,2020,0,0,0,L,,10/26/20,,PACIFIC COD,4,LPW202001202_89_OA4,PACIFIC_COD_LPW202001202_89_OA4.0,NIR_LPW202001202_otoliths_rescan_3,
90,149,22,0.0295,LPW,2020,0,0,0,L,,10/26/20,,PACIFIC COD,1,LPW202001202_90_OA1,PACIFIC_COD_LPW202001202_90_OA1.0,NIR_LPW202001202_otoliths,
90,149,22,0.0295,LPW,2020,0,0,0,L,,10/26/20,,PACIFIC COD,2,LPW202001202_90_OA2,PACIFIC_COD_LPW202001202_90_OA2.0,NIR_LPW202001202_otoliths_rescan_1,
90,149,22,0.0295,LPW,2020,0,0,0,L,,10/26/20,,PACIFIC COD,3,LPW202001202_90_OA3,PACIFIC_COD_LPW202001202_90_OA3.0,NIR_LPW202001202_otoliths_rescan_2,
90,149,22,0.0295,LPW,2020,0,0,0,L,,10/26/20,,PACIFIC COD,4,LPW202001202_90_OA4,PACIFIC_COD_LPW202001202_90_OA4.0,NIR_LPW202001202_otoliths_rescan_3,
91,157,34,0.0275,LPW,2020,0,0,0,L,,10/26/20,,PACIFIC COD,1,LPW202001202_91_OA1,PACIFIC_COD_LPW202001202_91_OA1.0,NIR_LPW202001202_otoliths,
91,157,34,0.0275,LPW,2020,0,0,0,L,,10/26/20,,PACIFIC COD,2,LPW202001202_91_OA2,PACIFIC_COD_LPW202001202_91_OA2.0,NIR_LPW202001202_otoliths_rescan_1,
91,157,34,0.0275,LPW,2020,0,0,0,L,,10/26/20,,PACIFIC COD,3,LPW202001202_91_OA3,PACIFIC_COD_LPW202001202_91_OA3.0,NIR_LPW202001202_otoliths_rescan_2,
91,157,34,0.0275,LPW,2020,0,0,0,L,,10/26/20,,PACIFIC COD,4,LPW202001202_91_OA4,PACIFIC_COD_LPW202001202_91_OA4.0,NIR_LPW202001202_otoliths_rescan_3,
92,174,49,0.0342,LPW,2020,0,0,0,L,,10/26/20,,PACIFIC COD,1,LPW202001202_92_OA1,PACIFIC_COD_LPW202001202_92_OA1.0,NIR_LPW202001202_otoliths,
92,174,49,0.0342,LPW,2020,0,0,0,L,,10/26/20,,PACIFIC COD,2,LPW202001202_92_OA2,PACIFIC_COD_LPW202001202_92_OA2.0,NIR_LPW202001202_otoliths_rescan_1,
92,174,49,0.0342,LPW,2020,0,0,0,L,,10/26/20,,PACIFIC COD,3,LPW202001202_92_OA3,PACIFIC_COD_LPW202001202_92_OA3.0,NIR_LPW202001202_otoliths_rescan_2,
92,174,49,0.0342,LPW,2020,0,0,0,L,,10/26/20,,PACIFIC COD,4,LPW202001202_92_OA4,PACIFIC_COD_LPW202001202_92_OA4.0,NIR_LPW202001202_otoliths_rescan_3,
93,132,17,0.0219,LPW,2020,0,0,0,R,184,11/3/20,,PACIFIC COD,1,LPW202001202_93_OA1,PACIFIC_COD_LPW202001202_93_OA1.0,NIR_LPW202001202_otoliths,
93,132,17,0.0219,LPW,2020,0,0,0,R,184,11/3/20,,PACIFIC COD,2,LPW202001202_93_OA2,PACIFIC_COD_LPW202001202_93_OA2.0,NIR_LPW202001202_otoliths_rescan_1,
93,132,17,0.0219,LPW,2020,0,0,0,R,184,11/3/20,,PACIFIC COD,3,LPW202001202_93_OA3,PACIFIC_COD_LPW202001202_93_OA3.0,NIR_LPW202001202_otoliths_rescan_2,
93,132,17,0.0219,LPW,2020,0,0,0,R,184,11/3/20,,PACIFIC COD,4,LPW202001202_93_OA4,PACIFIC_COD_LPW202001202_93_OA4.0,NIR_LPW202001202_otoliths_rescan_3,
94,157,32,0.0296,LPW,2020,0,0,0,R,205,11/3/20,,PACIFIC COD,1,LPW202001202_94_OA1,PACIFIC_COD_LPW202001202_94_OA1.0,NIR_LPW202001202_otoliths,
94,157,32,0.0296,LPW,2020,0,0,0,R,205,11/3/20,,PACIFIC COD,2,LPW202001202_94_OA2,PACIFIC_COD_LPW202001202_94_OA2.0,NIR_LPW202001202_otoliths_rescan_1,
94,157,32,0.0296,LPW,2020,0,0,0,R,205,11/3/20,,PACIFIC COD,3,LPW202001202_94_OA3,PACIFIC_COD_LPW202001202_94_OA3.0,NIR_LPW202001202_otoliths_rescan_2,
94,157,32,0.0296,LPW,2020,0,0,0,R,205,11/3/20,,PACIFIC COD,4,LPW202001202_94_OA4,PACIFIC_COD_LPW202001202_94_OA4.0,NIR_LPW202001202_otoliths_rescan_3,
95,143,24,0.0264,LPW,2020,0,0,0,R,204,11/3/20,,PACIFIC COD,1,LPW202001202_95_OA1,PACIFIC_COD_LPW202001202_95_OA1.0,NIR_LPW202001202_otoliths,
95,143,24,0.0264,LPW,2020,0,0,0,R,204,11/3/20,,PACIFIC COD,2,LPW202001202_95_OA2,PACIFIC_COD_LPW202001202_95_OA2.0,NIR_LPW202001202_otoliths_rescan_1,
95,143,24,0.0264,LPW,2020,0,0,0,R,204,11/3/20,,PACIFIC COD,3,LPW202001202_95_OA3,PACIFIC_COD_LPW202001202_95_OA3.0,NIR_LPW202001202_otoliths_rescan_2,
95,143,24,0.0264,LPW,2020,0,0,0,R,204,11/3/20,,PACIFIC COD,4,LPW202001202_95_OA4,PACIFIC_COD_LPW202001202_95_OA4.0,NIR_LPW202001202_otoliths_rescan_3,
96,128,19,0.0243,LPW,2020,0,0,0,R,208,11/3/20,,PACIFIC COD,1,LPW202001202_96_OA1,PACIFIC_COD_LPW202001202_96_OA1.0,NIR_LPW202001202_otoliths,
96,128,19,0.0243,LPW,2020,0,0,0,R,208,11/3/20,,PACIFIC COD,2,LPW202001202_96_OA2,PACIFIC_COD_LPW202001202_96_OA2.0,NIR_LPW202001202_otoliths_rescan_1,
96,128,19,0.0243,LPW,2020,0,0,0,R,208,11/3/20,,PACIFIC COD,3,LPW202001202_96_OA3,PACIFIC_COD_LPW202001202_96_OA3.0,NIR_LPW202001202_otoliths_rescan_2,
96,128,19,0.0243,LPW,2020,0,0,0,R,208,11/3/20,,PACIFIC COD,4,LPW202001202_96_OA4,PACIFIC_COD_LPW202001202_96_OA4.0,NIR_LPW202001202_otoliths_rescan_3,
97,136,22,0.0278,LPW,2020,0,0,0,R,,11/3/20,,PACIFIC COD,1,LPW202001202_97_OA1,PACIFIC_COD_LPW202001202_97_OA1.0,NIR_LPW202001202_otoliths,
97,136,22,0.0278,LPW,2020,0,0,0,R,,11/3/20,,PACIFIC COD,2,LPW202001202_97_OA2,PACIFIC_COD_LPW202001202_97_OA2.0,NIR_LPW202001202_otoliths_rescan_1,
97,136,22,0.0278,LPW,2020,0,0,0,R,,11/3/20,,PACIFIC COD,3,LPW202001202_97_OA3,PACIFIC_COD_LPW202001202_97_OA3.0,NIR_LPW202001202_otoliths_rescan_2,
97,136,22,0.0278,LPW,2020,0,0,0,R,,11/3/20,,PACIFIC COD,4,LPW202001202_97_OA4,PACIFIC_COD_LPW202001202_97_OA4.0,NIR_LPW202001202_otoliths_rescan_3,
98,111,10,0.0203,LPW,2020,0,0,0,L,,11/9/20,,PACIFIC COD,1,LPW202001202_98_OA1,PACIFIC_COD_LPW202001202_98_OA1.0,NIR_LPW202001202_otoliths,
98,111,10,0.0203,LPW,2020,0,0,0,L,,11/9/20,,PACIFIC COD,2,LPW202001202_98_OA2,PACIFIC_COD_LPW202001202_98_OA2.0,NIR_LPW202001202_otoliths_rescan_1,
98,111,10,0.0203,LPW,2020,0,0,0,L,,11/9/20,,PACIFIC COD,3,LPW202001202_98_OA3,PACIFIC_COD_LPW202001202_98_OA3.0,NIR_LPW202001202_otoliths_rescan_2,
98,111,10,0.0203,LPW,2020,0,0,0,L,,11/9/20,,PACIFIC COD,4,LPW202001202_98_OA4,PACIFIC_COD_LPW202001202_98_OA4.0,NIR_LPW202001202_otoliths_rescan_3,
99,147,22,0.0343,LPW,2020,0,0,0,L,,11/9/20,,PACIFIC COD,1,LPW202001202_99_OA1,PACIFIC_COD_LPW202001202_99_OA1.0,NIR_LPW202001202_otoliths,
99,147,22,0.0343,LPW,2020,0,0,0,L,,11/9/20,,PACIFIC COD,2,LPW202001202_99_OA2,PACIFIC_COD_LPW202001202_99_OA2.0,NIR_LPW202001202_otoliths_rescan_1,
99,147,22,0.0343,LPW,2020,0,0,0,L,,11/9/20,,PACIFIC COD,3,LPW202001202_99_OA3,PACIFIC_COD_LPW202001202_99_OA3.0,NIR_LPW202001202_otoliths_rescan_2,
99,147,22,0.0343,LPW,2020,0,0,0,L,,11/9/20,,PACIFIC COD,4,LPW202001202_99_OA4,PACIFIC_COD_LPW202001202_99_OA4.0,NIR_LPW202001202_otoliths_rescan_3,
100,143,27,0.0258,LPW,2020,0,0,0,R,,11/9/20,,PACIFIC COD,1,LPW202001202_100_OA1,PACIFIC_COD_LPW202001202_100_OA1.0,NIR_LPW202001202_otoliths,
100,143,27,0.0258,LPW,2020,0,0,0,R,,11/9/20,,PACIFIC COD,2,LPW202001202_100_OA2,PACIFIC_COD_LPW202001202_100_OA2.0,NIR_LPW202001202_otoliths_rescan_1,
100,143,27,0.0258,LPW,2020,0,0,0,R,,11/9/20,,PACIFIC COD,3,LPW202001202_100_OA3,PACIFIC_COD_LPW202001202_100_OA3.0,NIR_LPW202001202_otoliths_rescan_2,
100,143,27,0.0258,LPW,2020,0,0,0,R,,11/9/20,,PACIFIC COD,4,LPW202001202_100_OA4,PACIFIC_COD_LPW202001202_100_OA4.0,NIR_LPW202001202_otoliths_rescan_3,
101,131,20,0.0225,LPW,2020,0,0,0,R,,11/9/20,,PACIFIC COD,1,LPW202001202_101_OA1,PACIFIC_COD_LPW202001202_101_OA1.0,NIR_LPW202001202_otoliths,
101,131,20,0.0225,LPW,2020,0,0,0,R,,11/9/20,,PACIFIC COD,2,LPW202001202_101_OA2,PACIFIC_COD_LPW202001202_101_OA2.0,NIR_LPW202001202_otoliths_rescan_1,
101,131,20,0.0225,LPW,2020,0,0,0,R,,11/9/20,,PACIFIC COD,3,LPW202001202_101_OA3,PACIFIC_COD_LPW202001202_101_OA3.0,NIR_LPW202001202_otoliths_rescan_2,
101,131,20,0.0225,LPW,2020,0,0,0,R,,11/9/20,,PACIFIC COD,4,LPW202001202_101_OA4,PACIFIC_COD_LPW202001202_101_OA4.0,NIR_LPW202001202_otoliths_rescan_3,
102,141,27,0.0272,LPW,2020,0,0,0,L,,11/9/20,,PACIFIC COD,1,LPW202001202_102_OA1,PACIFIC_COD_LPW202001202_102_OA1.0,NIR_LPW202001202_otoliths,
102,141,27,0.0272,LPW,2020,0,0,0,L,,11/9/20,,PACIFIC COD,2,LPW202001202_102_OA2,PACIFIC_COD_LPW202001202_102_OA2.0,NIR_LPW202001202_otoliths_rescan_1,
102,141,27,0.0272,LPW,2020,0,0,0,L,,11/9/20,,PACIFIC COD,3,LPW202001202_102_OA3,PACIFIC_COD_LPW202001202_102_OA3.0,NIR_LPW202001202_otoliths_rescan_2,
102,141,27,0.0272,LPW,2020,0,0,0,L,,11/9/20,,PACIFIC COD,4,LPW202001202_102_OA4,PACIFIC_COD_LPW202001202_102_OA4.0,NIR_LPW202001202_otoliths_rescan_3,
103,164,46,0.0294,LPW,2020,0,0,0,L,,11/16/20,,PACIFIC COD,1,LPW202001202_103_OA1,PACIFIC_COD_LPW202001202_103_OA1.0,NIR_LPW202001202_otoliths,
103,164,46,0.0294,LPW,2020,0,0,0,L,,11/16/20,,PACIFIC COD,2,LPW202001202_103_OA2,PACIFIC_COD_LPW202001202_103_OA2.0,NIR_LPW202001202_otoliths_rescan_1,
103,164,46,0.0294,LPW,2020,0,0,0,L,,11/16/20,,PACIFIC COD,3,LPW202001202_103_OA3,PACIFIC_COD_LPW202001202_103_OA3.0,NIR_LPW202001202_otoliths_rescan_2,
103,164,46,0.0294,LPW,2020,0,0,0,L,,11/16/20,,PACIFIC COD,4,LPW202001202_103_OA4,PACIFIC_COD_LPW202001202_103_OA4.0,NIR_LPW202001202_otoliths_rescan_3,
104,176,49,0.0435,LPW,2020,0,0,0,R,,11/16/20,,PACIFIC COD,1,LPW202001202_104_OA1,PACIFIC_COD_LPW202001202_104_OA1.0,NIR_LPW202001202_otoliths,
104,176,49,0.0435,LPW,2020,0,0,0,R,,11/16/20,,PACIFIC COD,2,LPW202001202_104_OA2,PACIFIC_COD_LPW202001202_104_OA2.0,NIR_LPW202001202_otoliths_rescan_1,
104,176,49,0.0435,LPW,2020,0,0,0,R,,11/16/20,,PACIFIC COD,3,LPW202001202_104_OA3,PACIFIC_COD_LPW202001202_104_OA3.0,NIR_LPW202001202_otoliths_rescan_2,
104,176,49,0.0435,LPW,2020,0,0,0,R,,11/16/20,,PACIFIC COD,4,LPW202001202_104_OA4,PACIFIC_COD_LPW202001202_104_OA4.0,NIR_LPW202001202_otoliths_rescan_3,
105,133,18,0.027,LPW,2020,0,0,0,L,,11/16/20,,PACIFIC COD,1,LPW202001202_105_OA1,PACIFIC_COD_LPW202001202_105_OA1.0,NIR_LPW202001202_otoliths,
105,133,18,0.027,LPW,2020,0,0,0,L,,11/16/20,,PACIFIC COD,2,LPW202001202_105_OA2,PACIFIC_COD_LPW202001202_105_OA2.0,NIR_LPW202001202_otoliths_rescan_1,
105,133,18,0.027,LPW,2020,0,0,0,L,,11/16/20,,PACIFIC COD,3,LPW202001202_105_OA3,PACIFIC_COD_LPW202001202_105_OA3.0,NIR_LPW202001202_otoliths_rescan_2,
105,133,18,0.027,LPW,2020,0,0,0,L,,11/16/20,,PACIFIC COD,4,LPW202001202_105_OA4,PACIFIC_COD_LPW202001202_105_OA4.0,NIR_LPW202001202_otoliths_rescan_3,
106,125,17,0.0249,LPW,2020,0,0,0,L,,11/16/20,,PACIFIC COD,1,LPW202001202_106_OA1,PACIFIC_COD_LPW202001202_106_OA1.0,NIR_LPW202001202_otoliths,
106,125,17,0.0249,LPW,2020,0,0,0,L,,11/16/20,,PACIFIC COD,2,LPW202001202_106_OA2,PACIFIC_COD_LPW202001202_106_OA2.0,NIR_LPW202001202_otoliths_rescan_1,
106,125,17,0.0249,LPW,2020,0,0,0,L,,11/16/20,,PACIFIC COD,3,LPW202001202_106_OA3,PACIFIC_COD_LPW202001202_106_OA3.0,NIR_LPW202001202_otoliths_rescan_2,
106,125,17,0.0249,LPW,2020,0,0,0,L,,11/16/20,,PACIFIC COD,4,LPW202001202_106_OA4,PACIFIC_COD_LPW202001202_106_OA4.0,NIR_LPW202001202_otoliths_rescan_3,
107,137,16,0.0258,LPW,2020,0,0,0,R,,11/16/20,,PACIFIC COD,1,LPW202001202_107_OA1,PACIFIC_COD_LPW202001202_107_OA1.0,NIR_LPW202001202_otoliths,
107,137,16,0.0258,LPW,2020,0,0,0,R,,11/16/20,,PACIFIC COD,2,LPW202001202_107_OA2,PACIFIC_COD_LPW202001202_107_OA2.0,NIR_LPW202001202_otoliths_rescan_1,
107,137,16,0.0258,LPW,2020,0,0,0,R,,11/16/20,,PACIFIC COD,3,LPW202001202_107_OA3,PACIFIC_COD_LPW202001202_107_OA3.0,NIR_LPW202001202_otoliths_rescan_2,
107,137,16,0.0258,LPW,2020,0,0,0,R,,11/16/20,,PACIFIC COD,4,LPW202001202_107_OA4,PACIFIC_COD_LPW202001202_107_OA4.0,NIR_LPW202001202_otoliths_rescan_3,
108,140,24,0.0282,LPW,2020,0,0,0,R,,11/23/20,,PACIFIC COD,1,LPW202001202_108_OA1,PACIFIC_COD_LPW202001202_108_OA1.0,NIR_LPW202001202_otoliths,
108,140,24,0.0282,LPW,2020,0,0,0,R,,11/23/20,,PACIFIC COD,2,LPW202001202_108_OA2,PACIFIC_COD_LPW202001202_108_OA2.0,NIR_LPW202001202_otoliths_rescan_1,
108,140,24,0.0282,LPW,2020,0,0,0,R,,11/23/20,,PACIFIC COD,3,LPW202001202_108_OA3,PACIFIC_COD_LPW202001202_108_OA3.0,NIR_LPW202001202_otoliths_rescan_2,
108,140,24,0.0282,LPW,2020,0,0,0,R,,11/23/20,,PACIFIC COD,4,LPW202001202_108_OA4,PACIFIC_COD_LPW202001202_108_OA4.0,NIR_LPW202001202_otoliths_rescan_3,
109,154,32,0.0348,LPW,2020,0,0,0,R,,11/23/20,,PACIFIC COD,1,LPW202001202_109_OA1,PACIFIC_COD_LPW202001202_109_OA1.0,NIR_LPW202001202_otoliths,
109,154,32,0.0348,LPW,2020,0,0,0,R,,11/23/20,,PACIFIC COD,2,LPW202001202_109_OA2,PACIFIC_COD_LPW202001202_109_OA2.0,NIR_LPW202001202_otoliths_rescan_1,
109,154,32,0.0348,LPW,2020,0,0,0,R,,11/23/20,,PACIFIC COD,3,LPW202001202_109_OA3,PACIFIC_COD_LPW202001202_109_OA3.0,NIR_LPW202001202_otoliths_rescan_2,
109,154,32,0.0348,LPW,2020,0,0,0,R,,11/23/20,,PACIFIC COD,4,LPW202001202_109_OA4,PACIFIC_COD_LPW202001202_109_OA4.0,NIR_LPW202001202_otoliths_rescan_3,
110,130,18,0.0224,LPW,2020,0,0,0,L,,11/23/20,,PACIFIC COD,1,LPW202001202_110_OA1,PACIFIC_COD_LPW202001202_110_OA1.0,NIR_LPW202001202_otoliths,
110,130,18,0.0224,LPW,2020,0,0,0,L,,11/23/20,,PACIFIC COD,2,LPW202001202_110_OA2,PACIFIC_COD_LPW202001202_110_OA2.0,NIR_LPW202001202_otoliths_rescan_1,
110,130,18,0.0224,LPW,2020,0,0,0,L,,11/23/20,,PACIFIC COD,3,LPW202001202_110_OA3,PACIFIC_COD_LPW202001202_110_OA3.0,NIR_LPW202001202_otoliths_rescan_2,
110,130,18,0.0224,LPW,2020,0,0,0,L,,11/23/20,,PACIFIC COD,4,LPW202001202_110_OA4,PACIFIC_COD_LPW202001202_110_OA4.0,NIR_LPW202001202_otoliths_rescan_3,
111,172,39,0.0371,LPW,2020,0,0,0,R,,11/23/20,,PACIFIC COD,1,LPW202001202_111_OA1,PACIFIC_COD_LPW202001202_111_OA1.0,NIR_LPW202001202_otoliths,
111,172,39,0.0371,LPW,2020,0,0,0,R,,11/23/20,,PACIFIC COD,2,LPW202001202_111_OA2,PACIFIC_COD_LPW202001202_111_OA2.0,NIR_LPW202001202_otoliths_rescan_1,
111,172,39,0.0371,LPW,2020,0,0,0,R,,11/23/20,,PACIFIC COD,3,LPW202001202_111_OA3,PACIFIC_COD_LPW202001202_111_OA3.0,NIR_LPW202001202_otoliths_rescan_2,
111,172,39,0.0371,LPW,2020,0,0,0,R,,11/23/20,,PACIFIC COD,4,LPW202001202_111_OA4,PACIFIC_COD_LPW202001202_111_OA4.0,NIR_LPW202001202_otoliths_rescan_3,
112,117,37,0.0427,LPW,2020,0,0,0,L,,11/30/20,,PACIFIC COD,1,LPW202001202_112_OA1,PACIFIC_COD_LPW202001202_112_OA1.0,NIR_LPW202001202_otoliths,
112,117,37,0.0427,LPW,2020,0,0,0,L,,11/30/20,,PACIFIC COD,2,LPW202001202_112_OA2,PACIFIC_COD_LPW202001202_112_OA2.0,NIR_LPW202001202_otoliths_rescan_1,
112,117,37,0.0427,LPW,2020,0,0,0,L,,11/30/20,,PACIFIC COD,3,LPW202001202_112_OA3,PACIFIC_COD_LPW202001202_112_OA3.0,NIR_LPW202001202_otoliths_rescan_2,
112,117,37,0.0427,LPW,2020,0,0,0,L,,11/30/20,,PACIFIC COD,4,LPW202001202_112_OA4,PACIFIC_COD_LPW202001202_112_OA4.0,NIR_LPW202001202_otoliths_rescan_3,
113,124,18,0.0208,LPW,2020,0,0,0,L,,11/30/20,,PACIFIC COD,1,LPW202001202_113_OA1,PACIFIC_COD_LPW202001202_113_OA1.0,NIR_LPW202001202_otoliths,
113,124,18,0.0208,LPW,2020,0,0,0,L,,11/30/20,,PACIFIC COD,2,LPW202001202_113_OA2,PACIFIC_COD_LPW202001202_113_OA2.0,NIR_LPW202001202_otoliths_rescan_1,
113,124,18,0.0208,LPW,2020,0,0,0,L,,11/30/20,,PACIFIC COD,3,LPW202001202_113_OA3,PACIFIC_COD_LPW202001202_113_OA3.0,NIR_LPW202001202_otoliths_rescan_2,
113,124,18,0.0208,LPW,2020,0,0,0,L,,11/30/20,,PACIFIC COD,4,LPW202001202_113_OA4,PACIFIC_COD_LPW202001202_113_OA4.0,NIR_LPW202001202_otoliths_rescan_3,
114,195,74,0.0482,LPW,2020,0,0,0,R,,11/30/20,,PACIFIC COD,1,LPW202001202_114_OA1,PACIFIC_COD_LPW202001202_114_OA1.0,NIR_LPW202001202_otoliths,
114,195,74,0.0482,LPW,2020,0,0,0,R,,11/30/20,,PACIFIC COD,2,LPW202001202_114_OA2,PACIFIC_COD_LPW202001202_114_OA2.0,NIR_LPW202001202_otoliths_rescan_1,
114,195,74,0.0482,LPW,2020,0,0,0,R,,11/30/20,,PACIFIC COD,3,LPW202001202_114_OA3,PACIFIC_COD_LPW202001202_114_OA3.0,NIR_LPW202001202_otoliths_rescan_2,
114,195,74,0.0482,LPW,2020,0,0,0,R,,11/30/20,,PACIFIC COD,4,LPW202001202_114_OA4,PACIFIC_COD_LPW202001202_114_OA4.0,NIR_LPW202001202_otoliths_rescan_3,
115,183,56,0.0471,LPW,2020,0,0,0,L,,11/30/20,,PACIFIC COD,1,LPW202001202_115_OA1,PACIFIC_COD_LPW202001202_115_OA1.0,NIR_LPW202001202_otoliths,
115,183,56,0.0471,LPW,2020,0,0,0,L,,11/30/20,,PACIFIC COD,2,LPW202001202_115_OA2,PACIFIC_COD_LPW202001202_115_OA2.0,NIR_LPW202001202_otoliths_rescan_1,
115,183,56,0.0471,LPW,2020,0,0,0,L,,11/30/20,,PACIFIC COD,3,LPW202001202_115_OA3,PACIFIC_COD_LPW202001202_115_OA3.0,NIR_LPW202001202_otoliths_rescan_2,
115,183,56,0.0471,LPW,2020,0,0,0,L,,11/30/20,,PACIFIC COD,4,LPW202001202_115_OA4,PACIFIC_COD_LPW202001202_115_OA4.0,NIR_LPW202001202_otoliths_rescan_3,
116,177,49,0.0422,LPW,2020,0,0,0,L,,12/7/20,,PACIFIC COD,1,LPW202001202_116_OA1,PACIFIC_COD_LPW202001202_116_OA1.0,NIR_LPW202001202_otoliths,
116,177,49,0.0422,LPW,2020,0,0,0,L,,12/7/20,,PACIFIC COD,2,LPW202001202_116_OA2,PACIFIC_COD_LPW202001202_116_OA2.0,NIR_LPW202001202_otoliths_rescan_1,
116,177,49,0.0422,LPW,2020,0,0,0,L,,12/7/20,,PACIFIC COD,3,LPW202001202_116_OA3,PACIFIC_COD_LPW202001202_116_OA3.0,NIR_LPW202001202_otoliths_rescan_2,
116,177,49,0.0422,LPW,2020,0,0,0,L,,12/7/20,,PACIFIC COD,4,LPW202001202_116_OA4,PACIFIC_COD_LPW202001202_116_OA4.0,NIR_LPW202001202_otoliths_rescan_3,
117,134,19,0.0308,LPW,2020,0,0,0,R,,12/7/20,,PACIFIC COD,1,LPW202001202_117_OA1,PACIFIC_COD_LPW202001202_117_OA1.0,NIR_LPW202001202_otoliths,
117,134,19,0.0308,LPW,2020,0,0,0,R,,12/7/20,,PACIFIC COD,2,LPW202001202_117_OA2,PACIFIC_COD_LPW202001202_117_OA2.0,NIR_LPW202001202_otoliths_rescan_1,
117,134,19,0.0308,LPW,2020,0,0,0,R,,12/7/20,,PACIFIC COD,3,LPW202001202_117_OA3,PACIFIC_COD_LPW202001202_117_OA3.0,NIR_LPW202001202_otoliths_rescan_2,
117,134,19,0.0308,LPW,2020,0,0,0,R,,12/7/20,,PACIFIC COD,4,LPW202001202_117_OA4,PACIFIC_COD_LPW202001202_117_OA4.0,NIR_LPW202001202_otoliths_rescan_3,
118,158,36,0.0349,LPW,2020,0,0,0,L,,12/7/20,,PACIFIC COD,1,LPW202001202_118_OA1,PACIFIC_COD_LPW202001202_118_OA1.0,NIR_LPW202001202_otoliths,
118,158,36,0.0349,LPW,2020,0,0,0,L,,12/7/20,,PACIFIC COD,2,LPW202001202_118_OA2,PACIFIC_COD_LPW202001202_118_OA2.0,NIR_LPW202001202_otoliths_rescan_1,
118,158,36,0.0349,LPW,2020,0,0,0,L,,12/7/20,,PACIFIC COD,3,LPW202001202_118_OA3,PACIFIC_COD_LPW202001202_118_OA3.0,NIR_LPW202001202_otoliths_rescan_2,
118,158,36,0.0349,LPW,2020,0,0,0,L,,12/7/20,,PACIFIC COD,4,LPW202001202_118_OA4,PACIFIC_COD_LPW202001202_118_OA4.0,NIR_LPW202001202_otoliths_rescan_3,
119,151,25,0.0248,LPW,2020,0,0,0,L,,12/21/20,,PACIFIC COD,1,LPW202001202_119_OA1,PACIFIC_COD_LPW202001202_119_OA1.0,NIR_LPW202001202_otoliths,
119,151,25,0.0248,LPW,2020,0,0,0,L,,12/21/20,,PACIFIC COD,2,LPW202001202_119_OA2,PACIFIC_COD_LPW202001202_119_OA2.0,NIR_LPW202001202_otoliths_rescan_1,
119,151,25,0.0248,LPW,2020,0,0,0,L,,12/21/20,,PACIFIC COD,3,LPW202001202_119_OA3,PACIFIC_COD_LPW202001202_119_OA3.0,NIR_LPW202001202_otoliths_rescan_2,
119,151,25,0.0248,LPW,2020,0,0,0,L,,12/21/20,,PACIFIC COD,4,LPW202001202_119_OA4,PACIFIC_COD_LPW202001202_119_OA4.0,NIR_LPW202001202_otoliths_rescan_3,
120,121,13,0.0323,LPW,2020,0,0,0,R,,12/21/20,,PACIFIC COD,1,LPW202001202_120_OA1,PACIFIC_COD_LPW202001202_120_OA1.0,NIR_LPW202001202_otoliths,
120,121,13,0.0323,LPW,2020,0,0,0,R,,12/21/20,,PACIFIC COD,2,LPW202001202_120_OA2,PACIFIC_COD_LPW202001202_120_OA2.0,NIR_LPW202001202_otoliths_rescan_1,
120,121,13,0.0323,LPW,2020,0,0,0,R,,12/21/20,,PACIFIC COD,3,LPW202001202_120_OA3,PACIFIC_COD_LPW202001202_120_OA3.0,NIR_LPW202001202_otoliths_rescan_2,
120,121,13,0.0323,LPW,2020,0,0,0,R,,12/21/20,,PACIFIC COD,4,LPW202001202_120_OA4,PACIFIC_COD_LPW202001202_120_OA4.0,NIR_LPW202001202_otoliths_rescan_3,
121,137,15,0.0387,LPW,2020,0,0,0,L,,12/21/20,,PACIFIC COD,1,LPW202001202_121_OA1,PACIFIC_COD_LPW202001202_121_OA1.0,NIR_LPW202001202_otoliths,
121,137,15,0.0387,LPW,2020,0,0,0,L,,12/21/20,,PACIFIC COD,2,LPW202001202_121_OA2,PACIFIC_COD_LPW202001202_121_OA2.0,NIR_LPW202001202_otoliths_rescan_1,
121,137,15,0.0387,LPW,2020,0,0,0,L,,12/21/20,,PACIFIC COD,3,LPW202001202_121_OA3,PACIFIC_COD_LPW202001202_121_OA3.0,NIR_LPW202001202_otoliths_rescan_2,
121,137,15,0.0387,LPW,2020,0,0,0,L,,12/21/20,,PACIFIC COD,4,LPW202001202_121_OA4,PACIFIC_COD_LPW202001202_121_OA4.0,NIR_LPW202001202_otoliths_rescan_3,
122,140,18,0.0504,LPW,2020,0,0,0,R,,12/21/20,,PACIFIC COD,1,LPW202001202_122_OA1,PACIFIC_COD_LPW202001202_122_OA1.0,NIR_LPW202001202_otoliths,
122,140,18,0.0504,LPW,2020,0,0,0,R,,12/21/20,,PACIFIC COD,2,LPW202001202_122_OA2,PACIFIC_COD_LPW202001202_122_OA2.0,NIR_LPW202001202_otoliths_rescan_1,
122,140,18,0.0504,LPW,2020,0,0,0,R,,12/21/20,,PACIFIC COD,3,LPW202001202_122_OA3,PACIFIC_COD_LPW202001202_122_OA3.0,NIR_LPW202001202_otoliths_rescan_2,
122,140,18,0.0504,LPW,2020,0,0,0,R,,12/21/20,,PACIFIC COD,4,LPW202001202_122_OA4,PACIFIC_COD_LPW202001202_122_OA4.0,NIR_LPW202001202_otoliths_rescan_3,